participant_id,participant_label,access_code,cell_id,session_id,trial_index,order_position,condition,scenario_id,session_status,trial_status,completion_time_sec,word_count,keystroke_count,self_authored_text_ratio,suggestion_total_count,suggestion_accept_count,suggestion_modify_count,suggestion_reject_count,suggestion_applied_count,suggestion_acceptance_rate,suggestion_modify_rate,suggestion_applied_rate,ghost_writer_edit_count,reflection_duration_sec,editor_pre_message_text,editor_post_message_text,editor_ai_suggestions_json,ghost_writer_ai_draft_text,ghost_writer_post_message_text,thought_partner_ai_questions_json,thought_partner_human_responses_json,thought_partner_post_message_text,created_at
94ba1882-f5f0-4f31-aac7-735aa597590a,P001,AIMC-9Z25,S1,956b94af-afff-475e-8677-28d3f633f03d,0,1,thought_partner,scenario_a,completed,completed,508,155,1315,1,0,0,0,0,0,,,,,133,,,,,,"[{""dimension"":""Own feelings"",""question"":""What feels hardest about forgetting Alex’s move and sitting with the silence for five days?""},{""dimension"":""Recipient's perspective"",""question"":""If Alex said “it’s fine” but didn’t mean it, what might they be feeling and needing from you?""},{""dimension"":""Communication intent"",""question"":""What do you most want Alex to understand about why you forgot and why this still matters to you?""},{""dimension"":""Relational context"",""question"":""How could this moment affect your friendship with Alex, depending on how honestly and fully you show up?""}]","[{""question_order"":1,""question"":""What feels hardest about forgetting Alex’s move and sitting with the silence for five days?"",""response"":""I feel like Alex was hurt significantly by my decisions, and I'm not sure if they like me anymore. ""},{""question_order"":2,""question"":""If Alex said “it’s fine” but didn’t mean it, what might they be feeling and needing from you?"",""response"":""They felt hurt or betrayed because I prioritized my friends over helping him move. They probably needed the actual support with moving and also more of an apology that showed that I cared. ""},{""question_order"":3,""question"":""What do you most want Alex to understand about why you forgot and why this still matters to you?"",""response"":""I didn't put it on my calendar and it's my fault. This matters because our friendship is important to us and I want to show and act as if it does. ""},{""question_order"":4,""question"":""How could this moment affect your friendship with Alex, depending on how honestly and fully you show up?"",""response"":""It could make Alex not trust me as much and that could make it hard for us to be close friends""}]","Hey Alex, I just wanted to apologize again for forgetting about helping you move on Saturday and not being able to make it. I didn't put it in my calendar and I forgot and made plans with another group of friends and I ended up going with that instead of helping you move. I think I was worried about letting down multiple people and felt flustered when you texted me the morning of and I didn't know how to respond properly. Thinking about it now, I really regret making that decision to not come and help you. You're a close friend of mine and I want to be there for you to support you when you need it, especially with something like a move that can be really stressful. I'm really sorry, and I hope you can forgive me and if you want to talk more about it over the phone just let me know. ",2026-04-03T16:57:38.409Z
94ba1882-f5f0-4f31-aac7-735aa597590a,P001,AIMC-9Z25,S1,956b94af-afff-475e-8677-28d3f633f03d,1,2,editor,scenario_b,completed,completed,340,176,1226,1,4,4,0,0,4,1,0,1,,,"Hey Jordan, it's been a while but I hope you're doing well! I'm applying for a job at the company you're working at and I wonder if you can help give me a recommendation. When I saw this company, I thought of you because you were working there, but also it made me think back to when you helped me get over my breakup. I realized I never really got around to thanking you and expressing my gratitude over your support for me during that time. You really did a lot to help and at that moment I wasn't in the right headspace to show my gratitude and as time passed it just slipped away. You've been a fantastic friend to me and I'm hoping we can reconnect. I don't want it to just be about the job, because I really do value your friendship more than this upcoming interview, but it's just what made me think of you. Let's meet up some time for a dinner!","Hey Jordan, it’s been a while — I hope you’ve been doing well. I’m applying for a job at your company, and I wanted to ask if you’d feel comfortable recommending me. When I saw this company, I thought of you because you were working there, but also it made me think back to when you helped me get over my breakup. I realized I never properly thanked you for being there for me during that time, and I really appreciate the support you gave me. You checked in on me, listened when I needed it, and really helped me through that breakup. At that moment I wasn't in the right headspace to show my gratitude and as time passed I was meaning to thank you properly but it just slipped through. You've been a fantastic friend to me and I'm hoping we can reconnect. I don't want it to just be about the job, because I really do value your friendship more than this upcoming job opportunity. Let's meet up some time for a dinner!","[{""suggestion_id"":21,""ai_call_created_at"":""2026-04-03T17:01:23.883Z"",""original_segment"":""Hey Jordan, it's been a while but I hope you're doing well!"",""suggested_change"":""Hey Jordan, it’s been a while — I hope you’ve been doing well."",""category"":""tone"",""reason_text"":""Smoother, more natural opening for a close friend."",""action_status"":""accept"",""user_modified_text"":null},{""suggestion_id"":22,""ai_call_created_at"":""2026-04-03T17:01:23.883Z"",""original_segment"":""I realized I never really got around to thanking you and expressing my gratitude over your support for me during that time."",""suggested_change"":""I realized I never properly thanked you for being there for me during that time, and I really appreciate the support you gave me."",""category"":""empathy"",""reason_text"":""Feels warmer and centers their supportive role."",""action_status"":""accept"",""user_modified_text"":null},{""suggestion_id"":23,""ai_call_created_at"":""2026-04-03T17:01:23.883Z"",""original_segment"":""You really did a lot to help"",""suggested_change"":""You checked in on me, listened when I needed it, and really helped me through that breakup."",""category"":""specificity"",""reason_text"":""Concrete details make the gratitude feel more personal."",""action_status"":""accept"",""user_modified_text"":null},{""suggestion_id"":24,""ai_call_created_at"":""2026-04-03T17:01:23.883Z"",""original_segment"":""I'm applying for a job at the company you're working at and I wonder if you can help give me a recommendation."",""suggested_change"":""I’m applying for a job at your company, and I wanted to ask if you’d feel comfortable recommending me."",""category"":""clarity"",""reason_text"":""Makes the request more direct and easier to understand."",""action_status"":""accept"",""user_modified_text"":null}]",,,,,,2026-04-03T17:03:42.685Z
94ba1882-f5f0-4f31-aac7-735aa597590a,P001,AIMC-9Z25,S1,956b94af-afff-475e-8677-28d3f633f03d,2,3,ghost_writer,scenario_c,completed,completed,294,120,472,0.7612903225806451,0,0,0,0,0,,,,472,,,,,"Hey, I wanted to check in about your new relationship. I know you’ve been seeing them for a couple months now, and from a few things I’ve noticed, I’m not totally sure about them. I could be off, but it’s felt like you’ve been a little less like yourself lately — quieter, less spontaneous, and more apologetic than usual. I’m not saying this to judge anything, and I know relationships can be complicated. I trust your judgment, and I’m not trying to tell you what to do. I just care about you and wanted to see what you think. If you ever want to talk it through, I’m here and happy to be an outside perspective.","Hey Riley, how have things been going with your new partner? I know you’ve been seeing them for a couple months now. To be honest, I feel like you’ve been a little less like yourself lately — quieter, less spontaneous, and more apologetic than usual. I’m not saying this to judge anything – I know relationships can be complicated, and I know I also don't see the full picture. In the end, I want you to know that I trust your judgment, and I'm here to support you. Riley, I just care about you and wanted to see if you had any thoughts about it or if you wanted to talk. I’m here and happy to be an outside perspective.",,,,2026-04-03T17:08:57.613Z
1e473ba2-71b7-4f87-890e-796ec846b3dc,P002,AIMC-2XQ5,S2,c91b55f0-3291-4055-8179-e791258f447e,0,1,editor,scenario_a,completed,completed,432,114,1045,1,4,0,1,3,1,0,0.25,0.25,,,"Hey Alex, I've been thinking about bailing on your last Saturday and feeling really shitty about it. I'm really sorry. I was already at my other plan and it was kinda hectic, so the decision I made was...not great. Truly thoughtless. I just wanted to let you know you can still ask me for help with things like moving and I swear I won't mess it up again. I'd love to take you out for a meal some time if you're down, or if there's anything I can do to make it up to you, please let me know.","Hey Alex, I've been thinking about bailing on your last Saturday and feeling really shitty about it. I'm really sorry — I know I let you down and probably made moving really stressful for you. I was already at my other plan and it was kinda hectic, so the decision I made was...not great. Truly thoughtless. I just wanted to let you know you can still ask me for help with things like moving and I swear I won't mess it up again. I'd love to take you out for a meal some time if you're down, or if there's anything I can do to make it up to you, please let me know.","[{""suggestion_id"":13,""ai_call_created_at"":""2026-04-03T01:57:49.335Z"",""original_segment"":""feeling really shitty about it"",""suggested_change"":""feeling really bad about it"",""category"":""tone"",""reason_text"":""Softer wording keeps the apology sincere and thoughtful."",""action_status"":""reject"",""user_modified_text"":null},{""suggestion_id"":14,""ai_call_created_at"":""2026-04-03T01:57:49.335Z"",""original_segment"":""I'm really sorry."",""suggested_change"":""I'm really sorry — I know I let you down and probably made your Saturday more stressful."",""category"":""empathy"",""reason_text"":""Acknowledges how your cancellation may have affected Alex."",""action_status"":""modify"",""user_modified_text"":""I'm really sorry — I know I let you down and probably made moving really stressful for you.""},{""suggestion_id"":15,""ai_call_created_at"":""2026-04-03T01:57:49.335Z"",""original_segment"":""my other plan and it was kinda hectic"",""suggested_change"":""my other plan had already started and everything there got more chaotic than I expected"",""category"":""specificity"",""reason_text"":""Adds concrete detail without overexplaining or sounding defensive."",""action_status"":""reject"",""user_modified_text"":null},{""suggestion_id"":16,""ai_call_created_at"":""2026-04-03T01:57:49.335Z"",""original_segment"":""you can still ask me for help with things like moving and I swear I won't mess it up again"",""suggested_change"":""I want to rebuild your trust, and if you ever need help with something like moving, I'd really like the chance to show up for you properly."",""category"":""clarity"",""reason_text"":""Clarifies your intention and sounds more grounded than a promise."",""action_status"":""reject"",""user_modified_text"":null}]",,,,,,2026-04-03T02:00:26.089Z
1e473ba2-71b7-4f87-890e-796ec846b3dc,P002,AIMC-2XQ5,S2,c91b55f0-3291-4055-8179-e791258f447e,1,2,ghost_writer,scenario_b,completed,completed,494,76,536,1,0,0,0,0,0,,,,536,,,,,"I’ve been meaning to say this for a while, but thank you again for how much you showed up for me after the breakup. You were checking in on me constantly, bringing me food, and making time for me when I was a mess, and I never really said it properly. I really appreciated it.

Also, random question — I just found out you might know someone at [Company]. Do you know [Person’s Name] there? I’m looking at a role over there and was curious.","Hey Jordan, random question—I just found out you might [this person] at [Company]. Do you know [Person’s Name] there? I’m looking at applying for a role over there and happened across your name!

Btw, I've been meaning to take you out on a meal for a while now, to catch up and thank you for really helping me through the breakup. If you're down for it, let me know what would be good time for you!

",,,,2026-04-03T02:09:29.213Z
1e473ba2-71b7-4f87-890e-796ec846b3dc,P002,AIMC-2XQ5,S2,c91b55f0-3291-4055-8179-e791258f447e,2,3,thought_partner,scenario_c,completed,completed,884,53,921,1,0,0,0,0,0,,,,,339,,,,,,"[{""dimension"":""Own feelings"",""question"":""What’s underneath your alarm about Riley seeming quieter, apologetic, and less spontaneous?""},{""dimension"":""Recipient's perspective"",""question"":""If Riley feels defensive or judged, what might they be feeling about their partner and your concern?""},{""dimension"":""Communication intent"",""question"":""What do you most want Riley to understand about the canceled plans and subtle insults, and why?""},{""dimension"":""Relational context"",""question"":""How could the way you bring this up change your closeness with Riley or their pull toward their partner?""}]","[{""question_order"":1,""question"":""What’s underneath your alarm about Riley seeming quieter, apologetic, and less spontaneous?"",""response"":""Riley's partner often dismissed their opinions or made subtle comments that put them down. All signs point to this happening due to their partner and that it'll get worse.""},{""question_order"":2,""question"":""If Riley feels defensive or judged, what might they be feeling about their partner and your concern?"",""response"":""idk really, but if riley loves them, riley probably would wanna defend them to me, and outsider, and possibly convince themselves everything is fine in the process""},{""question_order"":3,""question"":""What do you most want Riley to understand about the canceled plans and subtle insults, and why?"",""response"":""that this behavior shouldn't be tolerated and it's affecting them negatively and it's not their fault at all. that way they might see that we're worried, not jealous or offended or criticizing riley for choosing the wrong person.""},{""question_order"":4,""question"":""How could the way you bring this up change your closeness with Riley or their pull toward their partner?"",""response"":""if riley gets defensive they might just stop talking to us and then they'd be even more vulnerable and isolated""}]","Hey Riley, just wanted to check in on you and maybe catch up, since you couldn't come last week. How's everything going? It's been a while since we hung out. I'm gonna be in your area for an errand next Wednesday afternoon. You wanna grab lunch or dinner together? Would that be okay?",2026-04-03T02:24:49.286Z
44262277-b848-4eac-954e-106f217e5758,P003,AIMC-JJK9,S3,4bbfeeb9-9c0b-41ed-9a60-8debe9a23459,0,1,ghost_writer,scenario_a,completed,completed,263,81,0,0,0,0,0,0,0,,,,0,,,,,"I want to apologize properly for forgetting my promise to help you move. I know I only apologized briefly at the time, and then I didn’t reach out for a whole week after it happened. I’m really sorry about that. I should have handled it better and checked in sooner. I just wanted to say that directly instead of leaving it hanging. Also, I wanted to ask if everything is okay with you. If you feel like talking, let me know.","I want to apologize properly for forgetting my promise to help you move. I know I only apologized briefly at the time, and then I didn’t reach out for a whole week after it happened. I’m really sorry about that. I should have handled it better and checked in sooner. I just wanted to say that directly instead of leaving it hanging. Also, I wanted to ask if everything is okay with you. If you feel like talking, let me know.",,,,2026-04-04T22:21:45.814Z
44262277-b848-4eac-954e-106f217e5758,P003,AIMC-JJK9,S3,4bbfeeb9-9c0b-41ed-9a60-8debe9a23459,1,2,thought_partner,scenario_b,completed,completed,536,132,762,1,0,0,0,0,0,,,,,172,,,,,,"[{""dimension"":""Own feelings"",""question"":""What feelings come up when you think about Jordan helping you before, and now needing another favor from him?""},{""dimension"":""Recipient's perspective"",""question"":""If you were Jordan, how might the lack of thanks and this new job request land with you?""},{""dimension"":""Communication intent"",""question"":""What do you most want Jordan to understand about why his support mattered then and why this matters now?""},{""dimension"":""Relational context"",""question"":""How could this moment affect your friendship with Jordan, depending on whether he feels appreciated or only needed?""}]","[{""question_order"":1,""question"":""What feelings come up when you think about Jordan helping you before, and now needing another favor from him?"",""response"":""Awkward\n""},{""question_order"":2,""question"":""If you were Jordan, how might the lack of thanks and this new job request land with you?"",""response"":""not want to help so much""},{""question_order"":3,""question"":""What do you most want Jordan to understand about why his support mattered then and why this matters now?"",""response"":""he help me go through the difficult time and I really grateful for that, just do not have time to say that. And the job is kinda important to me. ""},{""question_order"":4,""question"":""How could this moment affect your friendship with Jordan, depending on whether he feels appreciated or only needed?"",""response"":""I think we can remind good friends if he feels appreciated but things may be awkward if he only feels needed.\n""}]","Hi, Jordan.  It is been a while since last talk. I am doing better now thanks to all your help and support back then. I really want to say thank you so much for all the sweet things you have done to me and it is you that support me through that dark days. You know that I am not a person good at express my feelings and I waited for the right time to say thank you to you but somehow the moment didn't feel right. And here is some new updates! I am now recover from depression and now trying to get a job. I think you also know the company if my memory is right. So, is it possible to talk to you a bit about all the things?",2026-04-04T22:31:14.001Z
44262277-b848-4eac-954e-106f217e5758,P003,AIMC-JJK9,S3,4bbfeeb9-9c0b-41ed-9a60-8debe9a23459,2,3,editor,scenario_c,completed,completed,377,115,755,1,4,2,0,2,2,0.5,0,0.5,,,"Hi Riley, Haven't spoke to you for a while. How's everything going? I always think about our last date and it is a pity that you could not make it. We would have a lot of fun that day! Anyway miss you now. And how's everything going with your partner? Is your relationship goes well? I just couldn't help to notice that you are much quieter than before, where is my happy Riley? I don't want you to lose yourself in a relationship cause you are always this lovely and shining princess to me! Let's hung out sometimes, miss you!","Hi Riley, Haven't spoke to you for a while. How's everything going? I always think about our last date and it is a little sad that you could not make it. We would have a lot of fun that day! Anyway miss you now. How have things been for you lately, including in your relationship, if you feel like sharing? I just couldn't help to notice that you are much quieter than before, where is my happy Riley? I don't want you to lose yourself in a relationship cause you are always this lovely and shining princess to me! I’d love to catch up sometime soon—maybe coffee or a walk next week? I miss you.","[{""suggestion_id"":53,""ai_call_created_at"":""2026-04-04T22:36:43.165Z"",""original_segment"":""where is my happy Riley?"",""suggested_change"":""I’ve noticed you seem a bit quieter lately, and I just wanted to check in on how you’ve been feeling."",""category"":""tone"",""reason_text"":""Softer wording avoids sounding judgmental or dismissive."",""action_status"":""reject"",""user_modified_text"":null},{""suggestion_id"":54,""ai_call_created_at"":""2026-04-04T22:36:43.165Z"",""original_segment"":""And how's everything going with your partner? Is your relationship goes well?"",""suggested_change"":""How have things been for you lately, including in your relationship, if you feel like sharing?"",""category"":""empathy"",""reason_text"":""Respects privacy and invites sharing without pressure."",""action_status"":""accept"",""user_modified_text"":null},{""suggestion_id"":55,""ai_call_created_at"":""2026-04-04T22:36:43.165Z"",""original_segment"":""Let's hung out sometimes, miss you!"",""suggested_change"":""I’d love to catch up sometime soon—maybe coffee or a walk next week? I miss you."",""category"":""specificity"",""reason_text"":""Adds a concrete invitation instead of a vague plan."",""action_status"":""accept"",""user_modified_text"":null},{""suggestion_id"":56,""ai_call_created_at"":""2026-04-04T22:36:43.165Z"",""original_segment"":""I always think about our last date and it is a pity that you could not make it."",""suggested_change"":""I still think about the last time we planned to meet, and I was disappointed we didn’t get to see each other."",""category"":""clarity"",""reason_text"":""Makes the meaning clearer and fixes awkward phrasing."",""action_status"":""reject"",""user_modified_text"":null}]",,,,,,2026-04-04T22:38:37.446Z
e3e88163-4975-4a88-8e13-1bd770c5b525,P004,AIMC-EUEH,S1,6e08eee3-418f-4ddc-b5db-5f28e11bc417,0,1,thought_partner,scenario_a,completed,completed,1208,92,1209,1,0,0,0,0,0,,,,,329,,,,,,"[{""dimension"":""Own feelings"",""question"":""Beyond guilt, what are you feeling about double-booking Alex’s move and texting only a brief apology that day?""},{""dimension"":""Recipient's perspective"",""question"":""If you were Alex, after counting on your help to move, what feelings or reassurance might matter most?""},{""dimension"":""Communication intent"",""question"":""What do you most want Alex to understand about your fault here, and why does that matter to you?""},{""dimension"":""Relational context"",""question"":""What feels most at stake in your friendship with Alex, depending on how this situation is understood?""}]","[{""question_order"":1,""question"":""Beyond guilt, what are you feeling about double-booking Alex’s move and texting only a brief apology that day?"",""response"":""Disappointed in myself for making this mistake, wanting to make up for it properly.""},{""question_order"":2,""question"":""If you were Alex, after counting on your help to move, what feelings or reassurance might matter most?"",""response"":""A promise to do better probably won't be enough? Reassurance that I am aware that I deserve to be in the dog house for that?""},{""question_order"":3,""question"":""What do you most want Alex to understand about your fault here, and why does that matter to you?"",""response"":""That it's me that screwed up, and that any feelings that arose from that situation is completely valid. I want to acknowledge that I know that I've let him down during this stressful time. ""},{""question_order"":4,""question"":""What feels most at stake in your friendship with Alex, depending on how this situation is understood?"",""response"":""Alex might beleive that I didn't care enough, or that I considered having fun with my other group of friends to be more important than helping him out.""}]","Alex, I feel like my previous apology about not helping you out when you were moving was not enough. I'm so sorry that I didn't come by after promising to help you move. This is 100% my fault for forgetting about it, and I definitely added to how stressful everything is for you right now. I really do want to make it up for you - if there's anything I can do to regain your trust, let me know. Maybe we can meet up for dinner so I can apologize in person? ",2026-04-03T20:25:39.690Z
e3e88163-4975-4a88-8e13-1bd770c5b525,P004,AIMC-EUEH,S1,6e08eee3-418f-4ddc-b5db-5f28e11bc417,1,2,editor,scenario_b,completed,completed,829,226,1972,1,4,2,2,0,4,0.5,0.5,1,,,"Hey Jordan! I don't think I've ever properly thanked you for everything you did for me after I broke up with Sally. I really appreciate everything you did for me - how you checked up on me everyday, got me my favorite food, and everything else. You were a huge help for me becoming a normal functional human once again, and I'm grateful for everything. I'm sorry for not reaching out sooner - I didn't think I was in the correct headspace for a while, and then it started feeling awkward to bring it up again, and at some point I felt like it was too late. But how you helped me out so much is still on my mind - so thank you. Let me know if there's anything I can do to make up for how late this is.

And I'll be completely transparent with you, I do have a second reason for contacting you. I'm currently trying to get into the company that Sam Evans is working at, and it seems like you know him? I was wondering if you can introduce me to him...? If you don't feel comfortable with it, that's completely fine as well!!","Hey Jordan! I don't think I've ever properly thanked you for everything you did for me after I broke up with Sally. I really appreciate everything you did for me — checking in on me every day, bringing me my favorite food, and being there in so many small ways. You helped me feel like myself again, and I'm really grateful for everything you did. I'm sorry I didn't reach out sooner — I wasn't in the right headspace for a while, and then it started feeling awkward to bring it up again, and at some point I felt like it was too late. and I know my silence may have felt hurtful or confusing. But how you helped me out so much is still on my mind - so thank you. Let me know if there's anything I can do to make up for how late this is.

I'll be completely transparent with you - I also wanted to ask you something, and I completely understand if you'd rather not given how I dipped out after you helped me so much. But I'm currently trying to get into the company that Sam Evans is working at, and it seems like you know him? I was wondering if you can introduce me to him...? If you don't feel comfortable with it, that's completely fine as well!!","[{""suggestion_id"":29,""ai_call_created_at"":""2026-04-03T20:36:10.592Z"",""original_segment"":""You were a huge help for me becoming a normal functional human once again, and I'm grateful for everything."",""suggested_change"":""You helped me feel like myself again, and I'm really grateful for everything you did."",""category"":""tone"",""reason_text"":""Sounds warmer and less self-deprecating."",""action_status"":""accept"",""user_modified_text"":null},{""suggestion_id"":30,""ai_call_created_at"":""2026-04-03T20:36:10.592Z"",""original_segment"":""I'm sorry for not reaching out sooner - I didn't think I was in the correct headspace for a while, and then it started feeling awkward to bring it up again, and at some point I felt like it was too late."",""suggested_change"":""I'm sorry I didn't reach out sooner — I wasn't in the right headspace for a while, and I know my silence may have felt hurtful or confusing."",""category"":""empathy"",""reason_text"":""Acknowledges how your delay may have affected Jordan."",""action_status"":""modify"",""user_modified_text"":""I'm sorry I didn't reach out sooner — I wasn't in the right headspace for a while, and then it started feeling awkward to bring it up again, and at some point I felt like it was too late. and I know my silence may have felt hurtful or confusing.""},{""suggestion_id"":31,""ai_call_created_at"":""2026-04-03T20:36:10.592Z"",""original_segment"":""I really appreciate everything you did for me - how you checked up on me everyday, got me my favorite food, and everything else."",""suggested_change"":""I really appreciate everything you did for me — checking in on me every day, bringing me my favorite food, and being there in so many small ways."",""category"":""specificity"",""reason_text"":""Makes the appreciation more vivid and personal."",""action_status"":""accept"",""user_modified_text"":null},{""suggestion_id"":32,""ai_call_created_at"":""2026-04-03T20:36:10.592Z"",""original_segment"":""And I'll be completely transparent with you, I do have a second reason for contacting you."",""suggested_change"":""I also wanted to ask you something, and I completely understand if you'd rather not."",""category"":""clarity"",""reason_text"":""Makes the transition to the request smoother and clearer."",""action_status"":""modify"",""user_modified_text"":""I'll be completely transparent with you - I also wanted to ask you something, and I completely understand if you'd rather not given how I dipped out after you helped me so much.""}]",,,,,,2026-04-03T20:40:02.457Z
e3e88163-4975-4a88-8e13-1bd770c5b525,P004,AIMC-EUEH,S1,6e08eee3-418f-4ddc-b5db-5f28e11bc417,2,3,ghost_writer,scenario_c,completed,completed,1269,277,2485,1,0,0,0,0,0,,,,2485,,,,,"I wanted to say something because I care about you, and I’m not trying to judge or make you feel defensive. I’ve just noticed that over the past couple months you’ve seemed quieter, more apologetic, less spontaneous, and a little less like yourself. I’ve also noticed times when your opinions seem dismissed or there are subtle comments that put you down. When our plans got canceled last minute because your partner didn’t want you going out, it really stuck with me. From my point of view, some of this doesn’t seem healthy, and I wanted to be honest about that. I’m bringing it up because I care about you and don’t want to push you away.","I wanted to say something because I care about you, and I’m not trying to judge or make you feel defensive. I’ve just noticed that over the past couple months you’ve seemed quieter, more apologetic, less spontaneous, and a little less like yourself. I’ve also noticed times when your opinions seem dismissed or there are subtle comments that put you down. When our plans got canceled last minute because your partner didn’t want you going out, it really stuck with me. From my point of view, some of this doesn’t seem healthy, and I wanted to be honest about that. I’m bringing it up because I care about you and don’t want to push you away. <- NOPE wouldn't send, rewrite:

Riley, I'm sending this since I've been noticing a few things about your partner that worries me. I want to emphasize that everything that follows is from what I see, but your relationship with your SO seems a little unbalanced with you taking the blunt side of it. It's all these little things that individually wouldn't be a concern, but when combined they paint a picture that makes me worried: the small comments that your SO made (give example here), more prone to apologizing for things that aren't your fault (remember X?), and how it seems like you're having to check with them with anything you want to do (like last week).

I'm reaching out since I care about you. I understand my words might not be what you want to hear, but please give it a thought: are you changing because you want to? Or are you changing because you feel like you need to?",,,,2026-04-03T21:01:37.550Z
054e1b2d-ac8c-4b73-801a-935c7d0c0264,P005,AIMC-8UTU,S2,f8301136-6b3c-4a18-9988-857919bf9f4e,0,1,editor,scenario_a,completed,completed,606,114,1139,1,4,3,0,1,3,0.75,0,0.75,,,"Hi Alex. How have you been nowadays? I didn't hear the news since you move in to your new house. Since I forgot our appointment, I felt really sorry about it. I know you how you had felt like after doing your things alone. I know this text would not make a full apologize to you, but still I want to say a real sorry to you. That mistake was definitely 100% my fault. If you are okay, I want to meet you in-person and apologize again in front of you, with my heart. I don't wanna loose my best friendship like this, so could you give me another chance to make the things right again? ","Hi Alex. How have you been nowadays? I haven’t heard how things have been going since you moved into your new house. Since the day I forgot our appointment, I has felt really sorry about it. I know you were probably frustrated and hurt having to handle everything alone. I know this text would not make a full apologize to you, but still I want to say a real sorry to you. If you are okay, I want to meet you in-person and apologize again in front of you, with my heart. I really don’t want to lose our friendship over this, and I hope you’ll give me a chance to make things right. ","[{""suggestion_id"":25,""ai_call_created_at"":""2026-04-03T20:14:20.774Z"",""original_segment"":""I don't wanna loose my best friendship like this, so could you give me another chance to make the things right again?"",""suggested_change"":""I really don’t want to lose our friendship over this, and I hope you’ll give me a chance to make things right."",""category"":""tone"",""reason_text"":""Sounds more natural and less emotionally overwhelming."",""action_status"":""accept"",""user_modified_text"":null},{""suggestion_id"":26,""ai_call_created_at"":""2026-04-03T20:14:20.774Z"",""original_segment"":""I know you how you had felt like after doing your things alone."",""suggested_change"":""I know you were probably frustrated and hurt having to handle everything alone."",""category"":""empathy"",""reason_text"":""More directly acknowledges their likely feelings."",""action_status"":""accept"",""user_modified_text"":null},{""suggestion_id"":27,""ai_call_created_at"":""2026-04-03T20:14:20.774Z"",""original_segment"":""I didn't hear the news since you move in to your new house."",""suggested_change"":""I haven’t heard how things have been going since you moved into your new house."",""category"":""specificity"",""reason_text"":""Makes the reference to their situation clearer and more personal."",""action_status"":""accept"",""user_modified_text"":null},{""suggestion_id"":28,""ai_call_created_at"":""2026-04-03T20:14:20.774Z"",""original_segment"":""I know this text would not make a full apologize to you, but still I want to say a real sorry to you."",""suggested_change"":""I know a text can’t fully make up for missing our appointment, but I sincerely want to apologize."",""category"":""clarity"",""reason_text"":""Expresses the apology more clearly and correctly."",""action_status"":""reject"",""user_modified_text"":null}]",,,,,,2026-04-03T20:18:46.536Z
054e1b2d-ac8c-4b73-801a-935c7d0c0264,P005,AIMC-8UTU,S2,f8301136-6b3c-4a18-9988-857919bf9f4e,1,2,ghost_writer,scenario_b,completed,completed,516,107,0,0,0,0,0,0,0,,,,0,,,,,"I’ve been meaning to say this for a while, and I should’ve said it sooner. When I was having a really hard time after the breakup, you helped me a lot. You checked in on me so often and made time to be around me, and I really appreciated that. I never properly thanked you for it, but I’ve been genuinely thankful.

Also, I wanted to ask something separately. I know you have a connection with the company I really want to get into, and I was wondering if you’d be open to helping me with that. No pressure at all if not—I just wanted to ask.","I’ve been meaning to say this for a while, and I should’ve said it sooner. When I was having a really hard time after the breakup, you helped me a lot. You checked in on me so often and made time to be around me, and I really appreciated that. I never properly thanked you for it, but I’ve been genuinely thankful.

Also, I wanted to ask something separately. I know you have a connection with the company I really want to get into, and I was wondering if you’d be open to helping me with that. No pressure at all if not—I just wanted to ask.",,,,2026-04-03T20:30:15.927Z
054e1b2d-ac8c-4b73-801a-935c7d0c0264,P005,AIMC-8UTU,S2,f8301136-6b3c-4a18-9988-857919bf9f4e,2,3,thought_partner,scenario_c,completed,completed,1250,113,1161,1,0,0,0,0,0,,,,,728,,,,,,"[{""dimension"":""Own feelings"",""question"":""What exactly feels uneasy about Riley’s partner, and how has seeing Riley become quieter and apologetic affected you?""},{""dimension"":""Recipient's perspective"",""question"":""If Riley feels protective of this new relationship, what might she be feeling beneath that defensiveness right now?""},{""dimension"":""Communication intent"",""question"":""What do you most want Riley to understand about your concern, and why does that feel important now?""},{""dimension"":""Relational context"",""question"":""How could this conversation shape your closeness with Riley, depending on whether she feels judged or cared for?""}]","[{""question_order"":1,""question"":""What exactly feels uneasy about Riley’s partner, and how has seeing Riley become quieter and apologetic affected you?"",""response"":""I felt Riley's partner want to take control over my friend. I saw him dismissing Riley's opinions easily, and make decisions without properly discussing with my friend.""},{""question_order"":2,""question"":""If Riley feels protective of this new relationship, what might she be feeling beneath that defensiveness right now?"",""response"":""Continuing the Q1 answer: Seeing Riley become less spontaneous felt like I'm loosing my friend's true soul. I don't think this is Riley's appropriate status. \n\nFor Q2 answer: Riley would feel defensiveness because Riley really loves the new partner, and don't want to mess up the relationship with the partner, by pulling out the issue in front of them. ""},{""question_order"":3,""question"":""What do you most want Riley to understand about your concern, and why does that feel important now?"",""response"":""I felt like Riley is loosing a true nature of what my best friend Riley was before. I want Riley to understand this point, because Riley would not self-notice the problematic changes she had been go through these days. ""},{""question_order"":4,""question"":""How could this conversation shape your closeness with Riley, depending on whether she feels judged or cared for?"",""response"":""I may loose my best friendship with Riley if Riley think this conversation is mean to only judge the relationship and make Riley to break up with the partner. However, if Riley could understand what I truly concerning now, Riley would definitely care for my talk and spend time with me more.""}]","Hey Riley. How's everything going? I just want to message you because I felt something changed. My best friend Riley was once a very positive, spontaneous, leading one who always make me laugh and happy. One who make all the things with your own thoughts and words. But I'm little bit worried now because you now did not express your things well. I hope this is not a overinterpretation or something, but I felt this change happened after you started current relationship with your partner. I don't wanna lose a great warm-hearted Riley, so could you give me some time to talk with you if you are okay to talk this with me? ",2026-04-03T20:52:06.632Z
58de5435-b3b1-4e63-abbc-6d67c0b8bf8e,P006,AIMC-32C6,S3,2a7be10e-0ba8-4f88-9a64-ffe34df88031,0,1,ghost_writer,scenario_a,completed,completed,341,104,98,0.18666666666666668,0,0,0,0,0,,,,98,,,,,"I wanted to ask if you’d give me a chance to apologize in person. I don’t feel like my last apology message was enough. I want you to know that I didn’t forget our plans because I don’t care about you. I’ve just had too many things going on in my life lately, and I handled it badly. I feel terrible about forgetting and about making other plans when I was supposed to help you. I really regret it, and I’d appreciate the chance to say that to you in person.","I wanted to ask if you’d give me a chance to apologize in person. I don’t feel like my last apology message was enough. I want you to know that I didn’t forget our plans because I don’t care about you. I’ve just had too many things going on in my life lately, and I handled it badly. I feel terrible about forgetting and about making other plans when I was supposed to help you. I really regret it, and I’d appreciate the chance to say that to you in person. Please let me know when and where you will be available this week. ",,,,2026-04-03T14:51:29.825Z
58de5435-b3b1-4e63-abbc-6d67c0b8bf8e,P006,AIMC-32C6,S3,2a7be10e-0ba8-4f88-9a64-ffe34df88031,1,2,thought_partner,scenario_b,completed,completed,957,178,1550,1,0,0,0,0,0,,,,,138,,,,,,"[{""dimension"":""Own feelings"",""question"":""What feels most present for you here: gratitude for their past support, embarrassment about asking again, or how much this job opportunity matters?""},{""dimension"":""Recipient's perspective"",""question"":""If they hear you've delayed thanking them and now need a good word at the company, what might they feel or need from you?""},{""dimension"":""Communication intent"",""question"":""What do you most want them to take away: your genuine thanks, your embarrassment, or that this favor matters without pressure?""},{""dimension"":""Relational context"",""question"":""How could the way you bring up the belated thanks, the favor, and meeting in person affect the closeness between you?""}]","[{""question_order"":1,""question"":""What feels most present for you here: gratitude for their past support, embarrassment about asking again, or how much this job opportunity matters?"",""response"":""gratitude for their past support. ""},{""question_order"":2,""question"":""If they hear you've delayed thanking them and now need a good word at the company, what might they feel or need from you?"",""response"":""They might definitely not feel so good, but would still be supportive of me. ""},{""question_order"":3,""question"":""What do you most want them to take away: your genuine thanks, your embarrassment, or that this favor matters without pressure?"",""response"":""That this favor matters.""},{""question_order"":4,""question"":""How could the way you bring up the belated thanks, the favor, and meeting in person affect the closeness between you?"",""response"":""It could strengthen our friendship. ""}]","Hi Jordan. I wanted to say that I'm tremendously thankful for what you have done for me a while ago, when I was going through a rough time. I intended to show my gratitude right away but since we couldn't meet up in person, I thought I never had the right time to do so. But still it was my bad that I didn't properly thank you. I want to meet you as soon as possible and talk about it over drinks. 

I know this might be a bit awkward, but I would like to ask you a favor, if you don't mind. I'm trying to get a job at ABC company, which you've mentioned before that you have connections to. Could you please pass on good words about me to their HR? I DO NOT want you to feel any pressure, so just do so only if you have time.

Thank you again for being so supportive of me, and I will not forget about it in rest of my life. Take care and see you soon.  ",2026-04-03T15:08:41.851Z
58de5435-b3b1-4e63-abbc-6d67c0b8bf8e,P006,AIMC-32C6,S3,2a7be10e-0ba8-4f88-9a64-ffe34df88031,2,3,editor,scenario_c,completed,completed,375,89,620,1,4,0,2,2,2,0,0.5,0.5,,,"Hi Riley, I realized that I haven't seen you in a while since we canceled our plans last minute, so I just wanted to hit you up and say hiiii :) And I hope you and your partner are both well!!! I noticed that you have been a bit down recently and just wanted to check in on you to make sure everything's alright. I want you to know that I'm here for you always, you can talk to me about literally anything in your life, and I love you. ","Hi Riley, I realized it’s been a while since we last saw each other after our plans got canceled., so I just wanted to reach out and say hiiiii :) And I hope you and your partner are both well!!! I noticed that you have been a bit down recently and just wanted to check in on you to make sure everything's alright. I want you to know that I'm here for you always, you can talk to me about literally anything in your life, and I love you. ","[{""suggestion_id"":17,""ai_call_created_at"":""2026-04-03T15:17:39.736Z"",""original_segment"":""I just wanted to hit you up and say hiiii :)"",""suggested_change"":""I just wanted to reach out and say hi :)"",""category"":""tone"",""reason_text"":""Softer and more natural for a caring check-in."",""action_status"":""modify"",""user_modified_text"":""I just wanted to reach out and say hiiiii :)""},{""suggestion_id"":18,""ai_call_created_at"":""2026-04-03T15:17:39.736Z"",""original_segment"":""I noticed that you have been a bit down recently and just wanted to check in on you to make sure everything's alright."",""suggested_change"":""I noticed you’ve seemed a bit down recently, and I just wanted to check in — I hope you’re doing okay."",""category"":""empathy"",""reason_text"":""Feels gentler and less pressure-filled."",""action_status"":""reject"",""user_modified_text"":null},{""suggestion_id"":19,""ai_call_created_at"":""2026-04-03T15:17:39.736Z"",""original_segment"":""I want you to know that I'm here for you always"",""suggested_change"":""I want you to know that I’m here for you always, whether you want to talk or just hang out."",""category"":""specificity"",""reason_text"":""Makes support feel more concrete and personal."",""action_status"":""reject"",""user_modified_text"":null},{""suggestion_id"":20,""ai_call_created_at"":""2026-04-03T15:17:39.736Z"",""original_segment"":""I realized that I haven't seen you in a while since we canceled our plans last minute"",""suggested_change"":""I realized it’s been a while since we last saw each other after our plans got canceled."",""category"":""clarity"",""reason_text"":""More direct and easier to follow."",""action_status"":""modify"",""user_modified_text"":""I realized it’s been a while since we last saw each other after our plans got canceled.""}]",,,,,,2026-04-03T15:19:38.184Z
7a31e8f1-dc08-4034-8458-902366a7ff84,P007,AIMC-HSWB,S1,8c9c83da-fb99-4fa5-8b29-86881a0c4419,0,1,thought_partner,scenario_a,completed,completed,1278,210,1457,1,0,0,0,0,0,,,,,338,,,,,,"[{""dimension"":""Own feelings"",""question"":""When you think about forgetting Alex’s move and choosing other plans, what feelings are hardest to name?""},{""dimension"":""Recipient's perspective"",""question"":""Given Alex was already having a difficult time and moved alone, what might this silence feel like from their side?""},{""dimension"":""Communication intent"",""question"":""Beyond saying sorry, what do you most want Alex to understand about why you chose your other friends?""},{""dimension"":""Relational context"",""question"":""How might this moment shape your friendship with Alex, depending on how honestly you address letting them down?""}]","[{""question_order"":1,""question"":""When you think about forgetting Alex’s move and choosing other plans, what feelings are hardest to name?"",""response"":""I am not sure what you mean, but I feel guilty for forgetting and I feel guilty for choosing to hang out with other people, especially when I made the commitment to Alex first and they are at a time in their life where they may need help the most.""},{""question_order"":2,""question"":""Given Alex was already having a difficult time and moved alone, what might this silence feel like from their side?"",""response"":""From Alex's side, this continued silence may be interpreted as me not wanting anything to do with them (I did already choose to hang out with other people instead of helping them). They may also be dealing with their feelings alone and may be stewing on them since this is the last interaction they remember of me.""},{""question_order"":3,""question"":""Beyond saying sorry, what do you most want Alex to understand about why you chose your other friends?"",""response"":""I am not sure, I feel bad since I was being selfish and I should have helped Alex; I probably thought that hanging out with my other friends would be more of a good time than helping Alex move. I also may have thought that I would be letting all of those people down instead of letting one person down.""},{""question_order"":4,""question"":""How might this moment shape your friendship with Alex, depending on how honestly you address letting them down?"",""response"":""I mean depending on how close we really are, we may be able to recover, but it could also fizzle the relationship. Trust is hard to earn and easy to break. It is up to Alex to forgive me, I can't force them to. What I can do is try to make it up to them and show them that they are still important in my life.""}]","Hey Alex,

I'm sorry about what happened on Saturday, I was completely in the wrong. I should have marked it in my calendar that I would be helping you move, but instead I forgot and I made other plans. What I feel most guilty about is that on Saturday, I chose my other plans instead of helping you; it was a very selfish decision and that group would have gotten on fine without me. If I could rewind time, I would, but I can't. I want you to know that you are an important person in my life and that I value your friendship. I do not expect you to forgive me right away, and I will work towards being a better friend. Would you like to hang out sometime this week? If you have any furniture you still need to pick up, I'm more than happy to rent a moving truck for us! Also, I understand that you've been going through a difficult time, so I think we can take your mind off things by having an ice cream and movie night! I hope you are doing better and I'll always be here if you need to reach out; I'll also remember to mark these in my calendar haha",2026-04-03T22:28:43.881Z
7a31e8f1-dc08-4034-8458-902366a7ff84,P007,AIMC-HSWB,S1,8c9c83da-fb99-4fa5-8b29-86881a0c4419,1,2,editor,scenario_b,completed,completed,723,161,1187,1,4,1,2,1,3,0.25,0.5,0.75,,,"Hey Jordan!

I hope you are doing well! Full disclosure, I want to ask about whether you can put me in touch or put in a good word with your friend at that company I'm trying to get a job at, but that isn't the entirety of what this message is about. Do you remember when I had that rough breakup a few months ago? I have been feeling guilty since I feel like you put in so much effort into making me feel better and I feel like I have never properly thanked you enough for doing so. I have been trying to find the right moment, but it just had never come; I guess this is that moment. I would like to make it up to you for not thanking you sooner and for asking for another favor when I haven't even properly acknowledged you for what you have already done, so I was thinking that we can get dinner at that fancy place you like and we can catch up! How does that sound?","Hey Jordan!

I hope you are doing well! I wanted to ask if you'd feel comfortable putting me in touch with your friend at that company, or putting in a good word for me, but that isn't the entirety of what this message is about. Do you remember when I had that rough breakup a few months ago? You were there for me so much after that breakup, and I really appreciated how much effort you put into helping me feel better; I feel like I have never properly thanked you enough for doing so. I have been trying to find the right moment, but it just had never come; I guess this is that moment. So, before I ask for that favor, I would like to make it up to you for not thanking you sooner; I would love to treat you to dinner at that fancy place you like and properly thank you in person! How does that sound?","[{""suggestion_id"":33,""ai_call_created_at"":""2026-04-03T22:35:53.221Z"",""original_segment"":""Full disclosure, I want to ask about whether you can put me in touch or put in a good word with your friend at that company I'm trying to get a job at"",""suggested_change"":""I did want to ask if you'd feel comfortable putting me in touch with your friend at that company, or putting in a good word for me"",""category"":""tone"",""reason_text"":""Softer phrasing feels more natural and less transactional."",""action_status"":""accept"",""user_modified_text"":null},{""suggestion_id"":34,""ai_call_created_at"":""2026-04-03T22:35:53.221Z"",""original_segment"":""I have been feeling guilty since I feel like you put in so much effort into making me feel better and I feel like I have never properly thanked you enough for doing so."",""suggested_change"":""You were there for me so much after that breakup, and I really appreciated how much effort you put into helping me feel better."",""category"":""empathy"",""reason_text"":""Focuses on their support instead of your guilt."",""action_status"":""modify"",""user_modified_text"":""You were there for me so much after that breakup, and I really appreciated how much effort you put into helping me feel better; I feel like I have never properly thanked you enough for doing so.""},{""suggestion_id"":35,""ai_call_created_at"":""2026-04-03T22:35:53.221Z"",""original_segment"":""that company I'm trying to get a job at"",""suggested_change"":""that company I applied to last week"",""category"":""specificity"",""reason_text"":""More concrete wording makes the request clearer and more personal."",""action_status"":""reject"",""user_modified_text"":null},{""suggestion_id"":36,""ai_call_created_at"":""2026-04-03T22:35:53.221Z"",""original_segment"":""I would like to make it up to you for not thanking you sooner and for asking for another favor when I haven't even properly acknowledged you for what you have already done, so I was thinking that we can get dinner at that fancy place you like and we can catch up!"",""suggested_change"":""Before I ask that favor, I'd love to treat you to dinner at that fancy place you like and properly thank you in person."",""category"":""clarity"",""reason_text"":""Makes your intention more direct and easy to follow."",""action_status"":""modify"",""user_modified_text"":""Before I ask that favor, I would like to make it up to you for not thanking you sooner, so I would love to treat you to dinner at that fancy place you like and properly thank you in person!""}]",,,,,,2026-04-03T22:41:16.182Z
7a31e8f1-dc08-4034-8458-902366a7ff84,P007,AIMC-HSWB,S1,8c9c83da-fb99-4fa5-8b29-86881a0c4419,2,3,ghost_writer,scenario_c,completed,completed,416,173,875,0.9887005649717514,0,0,0,0,0,,,,875,,,,,"I wanted to check in because lately you’ve seemed a little less like yourself, and I just wanted to ask if anything’s wrong. If you want to talk, I’m here. I also hope this doesn’t come across as judgmental or make you feel defensive, because that’s really not what I want. I care about you, and I’ve been a little concerned about how things seem with your new relationship. I’m not trying to judge anything, I just wanted to ask how you’re doing and whether everything feels okay for you. If you want to talk about any of it, I’m here to listen.","Hey Riley,

I wanted to check in because lately you’ve seemed a little less like yourself; is anything wrong? If you want to talk, I’m here! I don't want this to come across as judgmental or make you feel defensive, because that’s really not what I want; I care about you. To be honest, I’ve been a little concerned about how things seem with your new relationship. I've noticed some things that may be considered red flags (e.g. your opinions being dismissed or comments being made); I am just getting the outsider's perspective and I don't know your relationship as well as you do, I just know that these sorts of things can be hard to talk about and wanted to let you know that you have a safe space to do so if you want to. If you want to talk about any of it, I’m here to listen, and if you don't that works too! I just want you to know I'm here for you and that I have your back!",,,,2026-04-03T22:48:32.448Z
58c2a955-dcaf-4e12-b596-dc1a4c516118,P008,AIMC-48DR,S2,f547bad8-0c69-47c1-9b63-471ad0dc339e,0,1,editor,scenario_a,completed,completed,285,35,229,1,4,1,0,3,1,0.25,0,0.25,,,"Hi Alex, I'm really really sorry that I forgot about the promise. It was a huge fault of mine. 
Have you moved completely? I can help you tomorrow if you need. 
","Hi Alex, I'm really really sorry that I forgot about the promise. That was completely my mistake, and I feel awful about it. 
Have you moved completely? I can help you tomorrow if you need. 
","[{""suggestion_id"":41,""ai_call_created_at"":""2026-04-04T03:07:22.336Z"",""original_segment"":""It was a huge fault of mine."",""suggested_change"":""That was completely my mistake, and I feel awful about it."",""category"":""tone"",""reason_text"":""Sounds more natural and sincere."",""action_status"":""accept"",""user_modified_text"":null},{""suggestion_id"":42,""ai_call_created_at"":""2026-04-04T03:07:22.336Z"",""original_segment"":""I'm really really sorry that I forgot about the promise."",""suggested_change"":""I'm really sorry I forgot about the promise, especially since I know you were counting on me."",""category"":""empathy"",""reason_text"":""Acknowledges how this affected Alex."",""action_status"":""reject"",""user_modified_text"":null},{""suggestion_id"":43,""ai_call_created_at"":""2026-04-04T03:07:22.336Z"",""original_segment"":""Have you moved completely?"",""suggested_change"":""Have you finished moving everything into your new place?"",""category"":""specificity"",""reason_text"":""Makes the question more concrete."",""action_status"":""reject"",""user_modified_text"":null},{""suggestion_id"":44,""ai_call_created_at"":""2026-04-04T03:07:22.336Z"",""original_segment"":""I can help you tomorrow if you need."",""suggested_change"":""If you're still moving, I'd like to help tomorrow to make up for forgetting."",""category"":""clarity"",""reason_text"":""Clarifies the intention behind the offer."",""action_status"":""reject"",""user_modified_text"":null}]",,,,,,2026-04-04T03:10:16.685Z
58c2a955-dcaf-4e12-b596-dc1a4c516118,P008,AIMC-48DR,S2,f547bad8-0c69-47c1-9b63-471ad0dc339e,1,2,ghost_writer,scenario_b,completed,completed,538,58,383,1,0,0,0,0,0,,,,383,,,,,"Hi Jordan, how’s it going? I’ve been meaning to say this for a while, but thank you for all your support when I was having a really rough time a few months ago. You checked in on me so much, brought me food, and made time for me, and I honestly never properly thanked you for that. I really appreciated it. Also, if you’re free, would you be up for a brief coffee sometime this week or next week? There’s something I wanted to ask you about the company you’re at since I’ve become pretty interested in it recently.","Hi Jordan, how’s it going? I’ve been meaning to say BIG THANK YOU! for your warm saying when I broke up previously. 
Sorry to say this suddenly though, can I ask some things about the company you're at? I think it's a good company and I'm quite interested recently. 
Would you be up for a brief coffee chat?",,,,2026-04-04T03:20:58.553Z
58c2a955-dcaf-4e12-b596-dc1a4c516118,P008,AIMC-48DR,S2,f547bad8-0c69-47c1-9b63-471ad0dc339e,2,3,thought_partner,scenario_c,completed,completed,1050,90,583,1,0,0,0,0,0,,,,,581,,,,,,"[{""dimension"":""Own feelings"",""question"":""What feels strongest here for you: worry from the put-downs, confusion about overreading it, or fear of losing the Riley you know?""},{""dimension"":""Recipient's perspective"",""question"":""If Riley has grown quieter, more apologetic, and canceled because their partner “didn’t want them going out,” what might they be feeling underneath?""},{""dimension"":""Communication intent"",""question"":""What do you most want Riley to understand about your wish to be a stable basis and spend more time together?""},{""dimension"":""Relational context"",""question"":""How could this affect your friendship differently if Riley feels supported rather than judged around this new relationship?""}]","[{""question_order"":1,""question"":""What feels strongest here for you: worry from the put-downs, confusion about overreading it, or fear of losing the Riley you know?"",""response"":""When I don't know the details of the private relationships between the two people, there is a high chance I am misunderstanding if Riley is not asking me for help or consultation. I could ask Riley if they have any concerns these days in general (not only specifying the relationship part). So here, it is about the confusion about overreading it, but more fundamentally, even if I have read it correctly, I think it may not polite to interfere with the relationship. ""},{""question_order"":2,""question"":""If Riley has grown quieter, more apologetic, and canceled because their partner “didn’t want them going out,” what might they be feeling underneath?"",""response"":""I'm not good at this kind of \""reading other's mind\"" type of jobs. I think Riley would know and feel the problem. But in human relationships, there is inertia or energy barrier. This means, to make changes in a relationship, significant effort maybe needed even if the current situation is not optimal. If Riley is mentally depending on the partner a lot, then they may be difficult to make changes about the relationship. This is why I think the best way maybe just to be a warmer friend and let them be in other social groups more often so that they can escape from the unwanted situation by themselves. ""},{""question_order"":3,""question"":""What do you most want Riley to understand about your wish to be a stable basis and spend more time together?"",""response"":""I want them to understand that I'm caring about them and am ready to help whenever requested. I want them to understand that I want to hang out with them. I want them to understand that I want to have Popeyes, Chirpy's Hut Chicken, and Vietnamese Pho with them. ""},{""question_order"":4,""question"":""How could this affect your friendship differently if Riley feels supported rather than judged around this new relationship?"",""response"":""Then I should not touch their relationship at all. I'm not their family after all. I should be in a proper line / boundary. If Riley feels satisfied and supported by their relationship, then I should not comment on it too much. Still, I would normally hang out with Riley and keep trying it. I know, of course, their partner may not like it but at least I should let Riley feel that I and other friends want to hang out with them and we're always open. ""}]","Hi Riley hows it going?
It's been a long time and I think it's the time for our sync-up!!! 
Have you tried the Vietnamese restaurant in the university place? nearby h-mart
That place is amazing and you should trust me on this. (yeah it's not that cheap though.. still)
Are you open for a hangout soon?
I'd like to chat with you :) Maybe we could visit a cafe after lunch. I got many things to share: my accomplishments and recent concerns as well.. need some inputs from you, too",2026-04-04T03:39:53.243Z
248ef207-8070-4302-8761-ac60300ac189,P009,AIMC-G4X9,S3,9a271eeb-0a10-4c90-b166-ece2b6314e7e,0,1,ghost_writer,scenario_a,completed,completed,366,97,0,0,0,0,0,0,0,,,,0,,,,,"Alex, I owe you a real apology. I told you I’d help you move, and I didn’t show up. You ended up having to do it by yourself, and that was on me. I get why you’re mad, and I’m not going to pretend it wasn’t a big deal. I let you down when I said I’d be there, and I feel guilty about that. I’m sorry for putting you in that position and making a hard day harder. You didn’t deserve that from me. I just wanted to say that plainly and take responsibility for it.","Alex, I owe you a real apology. I told you I’d help you move, and I didn’t show up. You ended up having to do it by yourself, and that was on me. I get why you’re mad, and I’m not going to pretend it wasn’t a big deal. I let you down when I said I’d be there, and I feel guilty about that. I’m sorry for putting you in that position and making a hard day harder. You didn’t deserve that from me. I just wanted to say that plainly and take responsibility for it.",,,,2026-04-03T23:51:00.849Z
248ef207-8070-4302-8761-ac60300ac189,P009,AIMC-G4X9,S3,9a271eeb-0a10-4c90-b166-ece2b6314e7e,1,2,thought_partner,scenario_b,completed,completed,2328,169,1102,1,0,0,0,0,0,,,,,988,,,,,,"[{""dimension"":""Own feelings"",""question"":""What feelings come up when you think about Jordan supporting you after the breakup and you still haven’t thanked them?""},{""dimension"":""Recipient's perspective"",""question"":""If you were Jordan, after spending so much time and mental energy on you, what might you be feeling now?""},{""dimension"":""Communication intent"",""question"":""What matters more to you here: expressing gratitude, asking for the company introduction, or showing both can coexist sincerely?""},{""dimension"":""Relational context"",""question"":""How could this moment shape your friendship with Jordan, depending on whether your gratitude or your request feels strongest?""}]","[{""question_order"":1,""question"":""What feelings come up when you think about Jordan supporting you after the breakup and you still haven’t thanked them?"",""response"":""feel stressful and want to avoid it and guilty at same time""},{""question_order"":2,""question"":""If you were Jordan, after spending so much time and mental energy on you, what might you be feeling now?"",""response"":""I hope my friend can be better and our relationship be more closed""},{""question_order"":3,""question"":""What matters more to you here: expressing gratitude, asking for the company introduction, or showing both can coexist sincerely?"",""response"":""showing both can coexist sincerely""},{""question_order"":4,""question"":""How could this moment shape your friendship with Jordan, depending on whether your gratitude or your request feels strongest?"",""response"":""I have a bad feeling about it, it can be a turning point for our relationship and I be burnt out anytime to deal with it.""}]","Hi Jordan, I want to say thank you for all the help you give to me. You checked me everyday and cooked for me, spend so many time with me and even change your own schedule. It's not your responsibility to do so, but you choose to do all of these for me. Thank you and I want to say I feel lucky and gratitude to have you as my friend. And I want to let you know that I will always be there for you too. There has one thing I feel awkward to say, but I still choose to tell you. ** company is one of the dream company I want to work with, and if you have their contact can you introduce me to them? I know it's weird to ask for another help directly after say thanks to you. And there has no connection between them.  And no pressure at all, you do not even give me any explain if you want to say no.",2026-04-04T00:31:43.601Z
248ef207-8070-4302-8761-ac60300ac189,P009,AIMC-G4X9,S3,9a271eeb-0a10-4c90-b166-ece2b6314e7e,2,3,editor,scenario_c,completed,completed,1619,93,839,1,4,0,0,4,0,0,0,0,,,hihi! I have something want to say~~you know that I always proud of you and want u be happy everyday. but these days I found you less satisfied about yourself and I am worry about you. I noticed that your partner seems want to control your relationship with friend and sometimes made comments to you which I do not agree!!! YOU ARE THE BEST!!! say it with me! I respect your choice and trust your decision. and also if you want someone to talk I alway be here with wine :) love you,hihi! I have something want to say~~you know that I always proud of you and want u be happy everyday. but these days I found you less satisfied about yourself and I am worry about you. I noticed that your partner seems want to control your relationship with friend and sometimes made comments to you which I do not agree!!! YOU ARE THE BEST!!! say it with me! I respect your choice and trust your decision. and also if you want someone to talk I alway be here with wine :) love you,"[{""suggestion_id"":37,""ai_call_created_at"":""2026-04-04T00:58:37.419Z"",""original_segment"":""YOU ARE THE BEST!!! say it with me!"",""suggested_change"":""You really do have so many great qualities, and I hope you remember that."",""category"":""tone"",""reason_text"":""Softer encouragement may feel more supportive than shouting."",""action_status"":""reject"",""user_modified_text"":null},{""suggestion_id"":38,""ai_call_created_at"":""2026-04-04T00:58:37.419Z"",""original_segment"":""I am worry about you."",""suggested_change"":""I can imagine these days might feel heavy, and I’ve been worried about you."",""category"":""empathy"",""reason_text"":""Better acknowledges their emotional experience."",""action_status"":""reject"",""user_modified_text"":null},{""suggestion_id"":39,""ai_call_created_at"":""2026-04-04T00:58:37.419Z"",""original_segment"":""these days I found you less satisfied about yourself"",""suggested_change"":""Lately, you’ve seemed less confident and harder on yourself than usual."",""category"":""specificity"",""reason_text"":""Makes the observation more concrete and personal."",""action_status"":""reject"",""user_modified_text"":null},{""suggestion_id"":40,""ai_call_created_at"":""2026-04-04T00:58:37.419Z"",""original_segment"":""and also if you want someone to talk I alway be here with wine :)"",""suggested_change"":""And if you want to talk, I’m always here for you—whether that means chatting, meeting up, or just sharing some wine :)"",""category"":""clarity"",""reason_text"":""Clarifies how you want to support them."",""action_status"":""reject"",""user_modified_text"":null}]",,,,,,2026-04-04T01:00:32.271Z
a1c1a00e-84eb-4e25-b32b-86179e6d1f55,P010,AIMC-V99U,S1,699a9192-9167-4694-aba6-a940bcd5838b,0,1,thought_partner,scenario_a,completed,completed,374,72,621,1,0,0,0,0,0,,,,,117,,,,,,"[{""dimension"":""Own feelings"",""question"":""What feels hardest to sit with about forgetting A’s move after you’d agreed to help?""},{""dimension"":""Recipient's perspective"",""question"":""If A said “it’s fine” but it wasn’t, what might they be feeling or wishing you understood?""},{""dimension"":""Communication intent"",""question"":""Beyond lunch, a gift, and apologizing in person, what do you most want A to truly take away?""},{""dimension"":""Relational context"",""question"":""How could this moment shape your friendship with A, depending on how you handle letting them down?""}]","[{""question_order"":1,""question"":""What feels hardest to sit with about forgetting A’s move after you’d agreed to help?"",""response"":""i felt guilty.""},{""question_order"":2,""question"":""If A said “it’s fine” but it wasn’t, what might they be feeling or wishing you understood?"",""response"":""they probably feel hurt and stressed/annoyed. moving out is stressful and time sensitive. ""},{""question_order"":3,""question"":""Beyond lunch, a gift, and apologizing in person, what do you most want A to truly take away?"",""response"":""that i care about them and am sorry for missing the move out.""},{""question_order"":4,""question"":""How could this moment shape your friendship with A, depending on how you handle letting them down?"",""response"":""they may feel like i'm unreliable or flaky.""}]","hey alex! i wanted to apologize again for missing the move out date; it completely slipped my mind. i was wondering if you would be open to having lunch together some time, with food on me. i wanted to apologize in person and also catch up on how you've been settling into your new place. also, if you have any unpacking left to do, i'd be happy to help out afterwards too!",2026-04-05T02:23:14.821Z
a1c1a00e-84eb-4e25-b32b-86179e6d1f55,P010,AIMC-V99U,S1,699a9192-9167-4694-aba6-a940bcd5838b,1,2,editor,scenario_b,completed,completed,383,61,1044,1,4,1,0,3,1,0.25,0,0.25,,,hi jordan! i hope you are doing well. i've been thinking about you and how grateful i am that you were there to support me after my break up. would you want to catch up sometime? maybe we could go for a hike and some drinks and chat about work and life and all that!,hi jordan! i hope you are doing well. i've been thinking about you and how grateful i am that you were there to support me after my break up. would you want to catch up sometime next week or the week after? maybe we could go for a hike and some drinks and chat about work and life and all that!,"[{""suggestion_id"":61,""ai_call_created_at"":""2026-04-05T02:28:27.219Z"",""original_segment"":""hi jordan!"",""suggested_change"":""hey jordan!"",""category"":""tone"",""reason_text"":""Slightly warmer and more natural for a close friend."",""action_status"":""reject"",""user_modified_text"":null},{""suggestion_id"":62,""ai_call_created_at"":""2026-04-05T02:28:27.219Z"",""original_segment"":""i hope you are doing well."",""suggested_change"":""i hope you’ve been doing well lately."",""category"":""empathy"",""reason_text"":""Shows a bit more care for their recent experience."",""action_status"":""reject"",""user_modified_text"":null},{""suggestion_id"":63,""ai_call_created_at"":""2026-04-05T02:28:27.219Z"",""original_segment"":""would you want to catch up sometime?"",""suggested_change"":""would you want to catch up sometime next week or the week after?"",""category"":""specificity"",""reason_text"":""Makes the invitation more concrete and easier to answer."",""action_status"":""accept"",""user_modified_text"":null},{""suggestion_id"":64,""ai_call_created_at"":""2026-04-05T02:28:27.219Z"",""original_segment"":""maybe we could go for a hike and some drinks and chat about work and life and all that!"",""suggested_change"":""maybe we could go for a hike and grab a drink to catch up on work, life, and everything else!"",""category"":""clarity"",""reason_text"":""Streamlines the plan and makes the purpose clearer."",""action_status"":""reject"",""user_modified_text"":null}]",,,,,,2026-04-05T02:29:59.558Z
a1c1a00e-84eb-4e25-b32b-86179e6d1f55,P010,AIMC-V99U,S1,699a9192-9167-4694-aba6-a940bcd5838b,2,3,ghost_writer,scenario_c,completed,completed,467,67,1365,1,0,0,0,0,0,,,,1365,,,,,"Hey, I just wanted to check in about you and B. I might be reading things wrong, but lately I’ve felt like B can come across as dismissive or condescending toward you, and I’ve noticed you seem quieter and less spontaneous than usual. I care about you and it’s made me worry. Is everything okay with you two? You don’t have to answer if you don’t want to, but I wanted to ask because you matter to me.","hi riley! how have you been? i'm sad to have missed you last week. it kind of sounded like you missed our hang out because [partner's name] didn't want you to. is everything okay between you two? it kinda sets of yellow flags for me when people control when their partners can go out, so i just wanted to check in and see if you're doing okay!",,,,2026-04-05T02:38:05.184Z
42bc4791-bfb0-42ff-bdbd-607aa818f95d,P011,AIMC-6SCB,S2,160f68b8-f5bd-421a-9ad4-3af6b3a8d95e,0,1,editor,scenario_a,completed,completed,1145,87,878,1,4,4,0,0,4,1,0,1,,,"Hi, Alex. I'm really sorry for being absent. It wasn't intended, I totally forgot you were going to move. I would go and help to move if I could. I should've helped you in in some other way somehow, I couldn't think of anything at that time. If you don't mind, can we grab some dinner tomorrow? I just wanna talk about that and apologize. And I really wanna recover our relationship.","Hi, Alex. I'm really sorry for being absent. I didn't mean to be absent, but I know forgetting about your move was hurtful. I imagine that made an already stressful day feel even harder, and I'm sorry I wasn't there to help. I should've at least checked in, helped you pack beforehand, or arranged another way to support you. If you don't mind, can we grab some dinner tomorrow? I'd really like to talk things through and work on repairing our friendship, if you're open to that.","[{""suggestion_id"":45,""ai_call_created_at"":""2026-04-04T03:42:55.038Z"",""original_segment"":""It wasn't intended, I totally forgot you were going to move."",""suggested_change"":""I didn't mean to be absent, but I know forgetting about your move was hurtful."",""category"":""tone"",""reason_text"":""Softer and more accountable phrasing."",""action_status"":""accept"",""user_modified_text"":null},{""suggestion_id"":46,""ai_call_created_at"":""2026-04-04T03:42:55.038Z"",""original_segment"":""I would go and help to move if I could."",""suggested_change"":""I imagine that made an already stressful day feel even harder, and I'm sorry I wasn't there to help."",""category"":""empathy"",""reason_text"":""Acknowledges Alex's likely stress and feelings."",""action_status"":""accept"",""user_modified_text"":null},{""suggestion_id"":47,""ai_call_created_at"":""2026-04-04T03:42:55.038Z"",""original_segment"":""I should've helped you in in some other way somehow, I couldn't think of anything at that time."",""suggested_change"":""I should've at least checked in, helped you pack beforehand, or arranged another way to support you."",""category"":""specificity"",""reason_text"":""Adds concrete examples of support."",""action_status"":""accept"",""user_modified_text"":null},{""suggestion_id"":48,""ai_call_created_at"":""2026-04-04T03:42:55.038Z"",""original_segment"":""And I really wanna recover our relationship."",""suggested_change"":""I'd really like to talk things through and work on repairing our friendship, if you're open to that."",""category"":""clarity"",""reason_text"":""Makes the intention more clear and respectful."",""action_status"":""accept"",""user_modified_text"":null}]",,,,,,2026-04-04T03:47:55.263Z
42bc4791-bfb0-42ff-bdbd-607aa818f95d,P011,AIMC-6SCB,S2,160f68b8-f5bd-421a-9ad4-3af6b3a8d95e,1,2,ghost_writer,scenario_b,completed,completed,666,58,0,0,0,0,0,0,0,,,,0,,,,,"Sorry I didn’t say thank you earlier. I really appreciate you helping me a few months ago, and I’ve been meaning to tell you that. Thanks again for that. Also, if you’re comfortable with it, would you be able to put in a good word for me or introduce me to the company? I’d really appreciate any help.","Sorry I didn’t say thank you earlier. I really appreciate you helping me a few months ago, and I’ve been meaning to tell you that. Thanks again for that. Also, if you’re comfortable with it, would you be able to put in a good word for me or introduce me to the company? I’d really appreciate any help.",,,,2026-04-04T04:01:49.825Z
42bc4791-bfb0-42ff-bdbd-607aa818f95d,P011,AIMC-6SCB,S2,160f68b8-f5bd-421a-9ad4-3af6b3a8d95e,2,3,thought_partner,scenario_c,completed,completed,1369,107,889,1,0,0,0,0,0,,,,,589,,,,,,"[{""dimension"":""Own feelings"",""question"":""What feels strongest for you about Riley seeming controlled and headed in a bad direction?""},{""dimension"":""Recipient's perspective"",""question"":""If Riley feels torn about a partner who doesn't want them going out, what might they be needing most?""},{""dimension"":""Communication intent"",""question"":""What do you most want Riley to understand about your worry, and why does that matter to you?""},{""dimension"":""Relational context"",""question"":""How could this affect your closeness with Riley, depending on how your concern comes across?""}]","[{""question_order"":1,""question"":""What feels strongest for you about Riley seeming controlled and headed in a bad direction?"",""response"":""I just don't want Riley to head in a bad direction. It makes Riley unhappy.""},{""question_order"":2,""question"":""If Riley feels torn about a partner who doesn't want them going out, what might they be needing most?"",""response"":""Who supports Riley""},{""question_order"":3,""question"":""What do you most want Riley to understand about your worry, and why does that matter to you?"",""response"":""I'm not trying to control Riley. I'm just giving my opinion and I'm genuinely worried.\n\nBecause I'd like to keep to be close friend with Riley after texting. And I might wrong, it is just my opinion.\n""},{""question_order"":4,""question"":""How could this affect your closeness with Riley, depending on how your concern comes across?"",""response"":""It matters a lot. Because Riley seems vulnerable right now. So I need to be careful about I approach this""}]","Hi Riley, I'd like to talk about your partner. There are some points I'm worried about them. I think they sometimes ignore you and they seem to control you. I'm worried about you might head in a bad direction. You know, I'm always your side. Tell me if there is something I can help you. I'm okay if you don't agree with me, but I want you to remember my opinion when you feel something wrong in the future. If you are not comfortable with this topic, I'll never talk again.
BTW let's grab some lunch on this weekend. I found good place. You must love it.",2026-04-04T04:27:26.912Z
67cceaa3-d7bb-49ed-aa58-f2ff3bb367b1,P012,AIMC-9MAR,S3,e8eddea2-83a1-4d90-baff-9afe6bb384d9,0,1,ghost_writer,scenario_a,completed,completed,308,104,2,0.003683241252302026,0,0,0,0,0,,,,2,,,,,"I’ve been thinking about how I handled your move, and I want to apologize again. I said I’d help, and then when the time came I had double booked and couldn’t make it. I know that probably hurt, especially with everything you were already dealing with, and I don’t think my first apology really did that justice.

I’m not trying to send a hollow “sorry” after five days of silence. I just want to say clearly that I let you down, and I get why you’d be upset. If you’re open to it, I’d really like to make it right however I can. I care about our friendship and didn’t want to leave this sitting without saying that.","I’ve been thinking about how I handled your move, and I want to apologize again. I said I’d help, and then when the time came I had double booked and couldn’t make it. I know that probably hurt, especially with everything you were already dealing with, and I don’t think my first apology really did that justice.

I want to say clearly that I let you down, and I get why you’d be upset. If you’re open to it, I’d really like to make it right however I can. I care about our friendship and didn’t want to leave this sitting without saying that.",,,,2026-04-04T20:24:07.311Z
67cceaa3-d7bb-49ed-aa58-f2ff3bb367b1,P012,AIMC-9MAR,S3,e8eddea2-83a1-4d90-baff-9afe6bb384d9,1,2,thought_partner,scenario_b,completed,completed,813,83,814,1,0,0,0,0,0,,,,,180,,,,,,"[{""dimension"":""Own feelings"",""question"":""What feelings come up when you think about his support during your breakup and not thanking him for months?""},{""dimension"":""Recipient's perspective"",""question"":""How might he feel, after showing up daily and rearranging his schedule, hearing from you now when you also need job help?""},{""dimension"":""Communication intent"",""question"":""What do you most want him to understand about your gratitude and the favor, and why does that matter to you?""},{""dimension"":""Relational context"",""question"":""How could this moment shape your friendship, depending on whether he feels appreciated, used, or both?""}]","[{""question_order"":1,""question"":""What feelings come up when you think about his support during your breakup and not thanking him for months?"",""response"":""I feel a little guilty or unappreciative""},{""question_order"":2,""question"":""How might he feel, after showing up daily and rearranging his schedule, hearing from you now when you also need job help?"",""response"":""I think he would be fine with that since we are pretty close.""},{""question_order"":3,""question"":""What do you most want him to understand about your gratitude and the favor, and why does that matter to you?"",""response"":""I want him to understand that I really appreciated his support through that difficult period. I want him to understand that the favor is unrelated to me thanking him.""},{""question_order"":4,""question"":""How could this moment shape your friendship, depending on whether he feels appreciated, used, or both?"",""response"":""If he feels appreciated then that would be really great of course. Our friendship is really important so the most important aspect would be that he doesn't feel used.""}]","Hi Jordan, I've been reflecting on the past months and thought about how much you supported me after I broke up with my ex. I really appreciate the time you took and all your support. It really meant a lot to me and I really value your friendship.

[wait a few days]

Hey, I've been trying to get a job at company that [x] works in, would you be able to refer me to him or put in a good word for me?",2026-04-04T20:38:37.666Z
67cceaa3-d7bb-49ed-aa58-f2ff3bb367b1,P012,AIMC-9MAR,S3,e8eddea2-83a1-4d90-baff-9afe6bb384d9,2,3,editor,scenario_c,completed,completed,302,79,493,1,4,2,1,1,3,0.5,0.25,0.75,,,"Hey Riley I noticed that after meeting your partner, you seem a lot less like your normal self. You don't seem as happy and your interactions make me feel uneasy, kind of like they don't respect you. Ofc, I know I don't have the full picture but I would like to reach out in case you wanted to talk about it","Hey Riley I noticed that after meeting your partner, you seem a lot less like your normal self. I've gotten the sense that you haven't seemed as happy lately, and some of what I've noticed has made me concerned for you. I know I may not be seeing the full picture, and I know there are many possible reasons to explain things. but I wanted to check in and let you know I'm here if you want to talk.","[{""suggestion_id"":49,""ai_call_created_at"":""2026-04-04T20:41:54.648Z"",""original_segment"":""You don't seem as happy and your interactions make me feel uneasy, kind of like they don't respect you."",""suggested_change"":""I've gotten the sense that you haven't seemed as happy lately, and some of what I've noticed has made me concerned for you."",""category"":""tone"",""reason_text"":""Softer wording feels less judgmental and more supportive."",""action_status"":""accept"",""user_modified_text"":null},{""suggestion_id"":50,""ai_call_created_at"":""2026-04-04T20:41:54.648Z"",""original_segment"":""Ofc, I know I don't have the full picture"",""suggested_change"":""I know I may not be seeing the full picture, and I don't want to make assumptions about what you're going through."",""category"":""empathy"",""reason_text"":""Better acknowledges their perspective and possible feelings."",""action_status"":""modify"",""user_modified_text"":""I know I may not be seeing the full picture, and I know there are many possible reasons to explain things.""},{""suggestion_id"":51,""ai_call_created_at"":""2026-04-04T20:41:54.648Z"",""original_segment"":""after meeting your partner"",""suggested_change"":""since I met your partner the other day"",""category"":""specificity"",""reason_text"":""Adds a more concrete reference point to the concern."",""action_status"":""reject"",""user_modified_text"":null},{""suggestion_id"":52,""ai_call_created_at"":""2026-04-04T20:41:54.648Z"",""original_segment"":""but I would like to reach out in case you wanted to talk about it"",""suggested_change"":""but I wanted to check in and let you know I'm here if you want to talk."",""category"":""clarity"",""reason_text"":""Makes the intention clearer and more direct."",""action_status"":""accept"",""user_modified_text"":null}]",,,,,,2026-04-04T20:44:14.995Z
f4ed3356-4590-493c-8646-5245aa08835c,P013,AIMC-4WA9,S1,4445f266-9b0a-4418-accd-d442874b3ebe,0,1,thought_partner,scenario_a,completed,completed,907,122,982,1,0,0,0,0,0,,,,,180,,,,,,"[{""dimension"":""Own feelings"",""question"":""What feels hardest to sit with here: forgetting Alex's move, letting him down during work stress, or how you explained it?""},{""dimension"":""Recipient's perspective"",""question"":""If you were Alex, juggling a move and work stress, how might your forgetting and last-minute text have landed emotionally?""},{""dimension"":""Communication intent"",""question"":""What do you most want Alex to understand about why you're reaching out now, beyond easing your own guilt?""},{""dimension"":""Relational context"",""question"":""What feels at stake in your friendship with Alex now, and how could your honesty or wording shift trust between you?""}]","[{""question_order"":1,""question"":""What feels hardest to sit with here: forgetting Alex's move, letting him down during work stress, or how you explained it?"",""response"":""Letting him down during work stress instead of canceling on other friends""},{""question_order"":2,""question"":""If you were Alex, juggling a move and work stress, how might your forgetting and last-minute text have landed emotionally?"",""response"":""Hurt""},{""question_order"":3,""question"":""What do you most want Alex to understand about why you're reaching out now, beyond easing your own guilt?"",""response"":""That I'm deeply sorry and now know better and wish to make it up to him somehow""},{""question_order"":4,""question"":""What feels at stake in your friendship with Alex now, and how could your honesty or wording shift trust between you?"",""response"":""That the friendship isn't prioritized enough by me, the right wording may let Alex understand that I'm deeply sorry and know better now""}]","Hey Alex, I just want to reach out again and say I'm really sorry that I didn't end up helping you move. I think my earlier apology was insufficient and now that I've had time to think it over more, I realize that what I did was really hurtful and you have every right to be upset. I honestly don't know why I didn't end up canceling my other plans especially knowing that you were dealing with all the stress from work and moving, but it really wasn't my intention to let you feel that I don't prioritize our friendship. I now know better and hope you'd give me a chance to make it up to you somehow. I'm so sorry :(",2026-04-05T00:41:06.839Z
f4ed3356-4590-493c-8646-5245aa08835c,P013,AIMC-4WA9,S1,4445f266-9b0a-4418-accd-d442874b3ebe,1,2,editor,scenario_b,completed,completed,818,134,1105,1,4,2,0,2,2,0.5,0,0.5,,,"Hey Jordan, I have a favor to ask... So I'm actually trying to apply for this job position at Y&K, and I recently found out that you know Michael who works there, so I'm wondering if you could introduce me to them or put in a good word for me? Thanks!!

On an unrelated note, I've been meaning to properly thank you for everything you did for me when I was going through my breakup. I never found the right moment and then so much time passed since then and I really don't want it to sound like I'm only saying this because of this favor but I guess I really shouldn't put this off any longer. Let me know if there's anything I can do for ya :)","Hey Jordan, I have a favor to ask... So I'm actually trying to apply for this position at Y&K that I'm really excited about, and I recently found out that you know Michael who works there, so I'm wondering if you'd feel comfortable introducing me to Michael or putting in a good word for me. Thanks!!

On an unrelated note, I've been meaning to properly thank you for everything you did for me when I was going through my breakup. I never found the right moment and then so much time passed since then and I really don't want it to sound like I'm only saying this because of this favor but I guess I really shouldn't put this off any longer. Let me know if there's anything I can do for ya :)","[{""suggestion_id"":57,""ai_call_created_at"":""2026-04-05T00:52:48.865Z"",""original_segment"":""Hey Jordan, I have a favor to ask..."",""suggested_change"":""Hey Jordan — hope you're doing well. I wanted to ask a favor, if you're open to it."",""category"":""tone"",""reason_text"":""Softer opening feels more natural and considerate."",""action_status"":""reject"",""user_modified_text"":null},{""suggestion_id"":58,""ai_call_created_at"":""2026-04-05T00:52:48.865Z"",""original_segment"":""so I'm wondering if you could introduce me to them or put in a good word for me?"",""suggested_change"":""so I'm wondering if you'd feel comfortable introducing me to Michael or putting in a good word for me."",""category"":""empathy"",""reason_text"":""Respects their comfort level and avoids pressure."",""action_status"":""accept"",""user_modified_text"":null},{""suggestion_id"":59,""ai_call_created_at"":""2026-04-05T00:52:48.865Z"",""original_segment"":""this job position at Y&K"",""suggested_change"":""this position at Y&K that I'm really excited about"",""category"":""specificity"",""reason_text"":""Adds a more personal, concrete detail."",""action_status"":""accept"",""user_modified_text"":null},{""suggestion_id"":60,""ai_call_created_at"":""2026-04-05T00:52:48.865Z"",""original_segment"":""I really don't want it to sound like I'm only saying this because of this favor but I guess I really shouldn't put this off any longer."",""suggested_change"":""I really don't want this to come across as tied to the favor — I've been meaning to say thank you for a while, and I shouldn't have waited this long."",""category"":""clarity"",""reason_text"":""Makes the intention easier to follow."",""action_status"":""reject"",""user_modified_text"":null}]",,,,,,2026-04-05T00:56:02.311Z
f4ed3356-4590-493c-8646-5245aa08835c,P013,AIMC-4WA9,S1,4445f266-9b0a-4418-accd-d442874b3ebe,2,3,ghost_writer,scenario_c,completed,completed,308,95,0,0,0,0,0,0,0,,,,0,,,,,"I wanted to say something carefully because I don’t want to overinterpret or make you feel judged. The times I’ve been around you and your partner, I’ve noticed things that made me uneasy, like your opinions getting dismissed or subtle comments that put you down. I’ve also noticed you’ve canceled plans saying they didn’t want you going out, and lately you’ve seemed less like yourself—quieter, more apologetic, and less spontaneous than usual. I might be reading this wrong, but I’m genuinely worried about you and felt like I should be honest rather than stay quiet.","I wanted to say something carefully because I don’t want to overinterpret or make you feel judged. The times I’ve been around you and your partner, I’ve noticed things that made me uneasy, like your opinions getting dismissed or subtle comments that put you down. I’ve also noticed you’ve canceled plans saying they didn’t want you going out, and lately you’ve seemed less like yourself—quieter, more apologetic, and less spontaneous than usual. I might be reading this wrong, but I’m genuinely worried about you and felt like I should be honest rather than stay quiet.",,,,2026-04-05T01:01:33.787Z
586d9828-5a24-4a0c-9025-9b420d3735a6,P014,AIMC-FCM2,S2,fb3b2d80-393b-458b-bb1e-3111535ed308,0,1,editor,scenario_a,completed,completed,901,107,47,0.09038461538461538,4,4,0,0,4,1,0,1,,,"Hey Alex, Did you move well? You must have had a hard time with your work, but you must have had a hard time making it through… I should have helped you move together, but I thought I was out of my mind. You must have been very disappointed. I'm so sorry. I'm sorry. Whatever I say now won't relieve your feelings, but I called you because I thought I should apologize. I'm so sorry that I have nothing to say even if you swear at me and get mad at me.","Hey Alex, Did you move well? You must have had a hard time with your work, but you must have had a hard time making it through… I should have helped you with the move, especially since you were also dealing with work. I can understand if you felt disappointed and let down by me. I'm truly sorry for not being there when you needed help. I know an apology can't fix this, but I wanted to tell you directly that I was wrong and I'm sorry. I'm so sorry that I have nothing to say even if you swear at me and get mad at me.","[{""suggestion_id"":65,""ai_call_created_at"":""2026-04-05T09:18:27.874Z"",""original_segment"":""I'm so sorry. I'm sorry."",""suggested_change"":""I'm truly sorry for not being there when you needed help."",""category"":""tone"",""reason_text"":""Sounds more sincere and less repetitive."",""action_status"":""accept"",""user_modified_text"":null},{""suggestion_id"":66,""ai_call_created_at"":""2026-04-05T09:18:27.874Z"",""original_segment"":""You must have been very disappointed."",""suggested_change"":""I can understand if you felt disappointed and let down by me."",""category"":""empathy"",""reason_text"":""Better acknowledges their likely feelings."",""action_status"":""accept"",""user_modified_text"":null},{""suggestion_id"":67,""ai_call_created_at"":""2026-04-05T09:18:27.874Z"",""original_segment"":""I should have helped you move together, but I thought I was out of my mind."",""suggested_change"":""I should have helped you with the move, especially since you were also dealing with work."",""category"":""specificity"",""reason_text"":""Makes the situation more concrete and personal."",""action_status"":""accept"",""user_modified_text"":null},{""suggestion_id"":68,""ai_call_created_at"":""2026-04-05T09:18:27.874Z"",""original_segment"":""Whatever I say now won't relieve your feelings, but I called you because I thought I should apologize."",""suggested_change"":""I know an apology can't fix this, but I wanted to tell you directly that I was wrong and I'm sorry."",""category"":""clarity"",""reason_text"":""Makes the intention clearer and more direct."",""action_status"":""accept"",""user_modified_text"":null}]",,,,,,2026-04-05T09:24:54.485Z
586d9828-5a24-4a0c-9025-9b420d3735a6,P014,AIMC-FCM2,S2,fb3b2d80-393b-458b-bb1e-3111535ed308,1,2,ghost_writer,scenario_b,completed,completed,464,94,0,0,0,0,0,0,0,,,,0,,,,,"Hey Jordan, I’ve been meaning to say this for a while, but thank you for how much you helped me a few months ago when I was having a rough time after the breakup. I never properly thanked you, and I really appreciate it. Also, I’m looking for a job right now, and I found out you have a connection at a company I’m interested in. If you’d be open to it, would you be willing to put in a good word for me or introduce me? No pressure, but I wanted to ask.","Hey Jordan, I’ve been meaning to say this for a while, but thank you for how much you helped me a few months ago when I was having a rough time after the breakup. I never properly thanked you, and I really appreciate it. Also, I’m looking for a job right now, and I found out you have a connection at a company I’m interested in. If you’d be open to it, would you be willing to put in a good word for me or introduce me? No pressure, but I wanted to ask.",,,,2026-04-05T09:37:42.317Z
586d9828-5a24-4a0c-9025-9b420d3735a6,P014,AIMC-FCM2,S2,fb3b2d80-393b-458b-bb1e-3111535ed308,2,3,thought_partner,scenario_c,completed,completed,1988,142,328,0.4167725540025413,0,0,0,0,0,,,,,812,,,,,,"[{""dimension"":""Own feelings"",""question"":""When you see her quieter, more apologetic, and canceling plans, what feelings come up beneath your worry?""},{""dimension"":""Recipient's perspective"",""question"":""If she’s been dismissed by him for two months, what might she be feeling, and what would feel least judging to hear?""},{""dimension"":""Communication intent"",""question"":""What do you most want her to understand about your concern over his put-downs, and why does that matter to you?""},{""dimension"":""Relational context"",""question"":""Given your friendship and her last-minute cancellation, what could shift between you depending on how this comes across?""}]","[{""question_order"":1,""question"":""When you see her quieter, more apologetic, and canceling plans, what feelings come up beneath your worry?"",""response"":""I suspect and I'm afraid he is gaslighting her""},{""question_order"":2,""question"":""If she’s been dismissed by him for two months, what might she be feeling, and what would feel least judging to hear?"",""response"":""She would feel depressed and intimidated.  I think I should focus on her feelings and talk carefully""},{""question_order"":3,""question"":""What do you most want her to understand about your concern over his put-downs, and why does that matter to you?"",""response"":""I want her to understand that I am worried about her feelings and that I don’t want her to have a painful time and hurt herself because of her boyfriend. It matters to me because she is my close friend, and I want her to be happy and loved by her boyfriend.""},{""question_order"":4,""question"":""Given your friendship and her last-minute cancellation, what could shift between you depending on how this comes across?"",""response"":""Because she’s a close friend of mine, rather than feeling bad that she canceled the appointment at the last minute, I am concerned about my friend must have a serious reason for that. I'm very worried that my friend is dating a bad guy.""}]","Hey Riley, Is there anything wrong? Did you fight with your boyfriend? Because you’re a close friend of mine, rather than feeling bad that you canceled the appointment at the last minute, I am concerned about you must have a serious reason for that. 
I am worried about your feelings and I don’t want you to have a painful time and hurt yourself because of your boyfriend. It matters to me because you are my close friend, and I want you to be happy and loved by your boyfriend. I think you feel depressed and intimidated unlike usual. You've always been a bright, positive, confident, high self-esteem friend, but you don't look the same these days. What's going on these days? Is your boyfriend giving you a hard time? Tell me whenever you have a hard time. I'm always ready to listen!",2026-04-05T10:12:41.264Z
dcc18c39-7a64-43cf-9214-d07543bb0cc9,P015,AIMC-WTBA,S3,72fe0d64-2880-4a48-af94-07dbd5bdb46b,0,1,ghost_writer,scenario_a,completed,completed,218,95,0,0,0,0,0,0,0,,,,0,,,,,"I want to properly acknowledge what happened. I only sent a short apology on the day and didn’t follow up the way I should have. I forgot that I’d agreed a few weeks in advance to help you move, and that was during a really stressful time for you. I know that had an impact, and I’m not trying to make excuses for it. I said I would help, and then I didn’t show up for that commitment. I just want to say I’m sorry properly for that and acknowledge that I let you down.","I want to properly acknowledge what happened. I only sent a short apology on the day and didn’t follow up the way I should have. I forgot that I’d agreed a few weeks in advance to help you move, and that was during a really stressful time for you. I know that had an impact, and I’m not trying to make excuses for it. I said I would help, and then I didn’t show up for that commitment. I just want to say I’m sorry properly for that and acknowledge that I let you down.",,,,2026-04-05T19:13:51.492Z
dcc18c39-7a64-43cf-9214-d07543bb0cc9,P015,AIMC-WTBA,S3,72fe0d64-2880-4a48-af94-07dbd5bdb46b,1,2,thought_partner,scenario_b,completed,completed,1556,138,99,0.13904494382022473,0,0,0,0,0,,,,,1062,,,,,,"[{""dimension"":""Own feelings"",""question"":""What feels strongest right now: gratitude for Jordan’s support, guilt from the delay, or hope about the company connection?""},{""dimension"":""Recipient's perspective"",""question"":""How might Jordan view helping during your breakup and hearing from you now, months later?""},{""dimension"":""Communication intent"",""question"":""What do you most want Jordan to understand about your gratitude and the timing, and why does that matter to you?""},{""dimension"":""Relational context"",""question"":""How could this moment affect your friendship, depending on whether Jordan feels appreciated, needed, or both?""}]","[{""question_order"":1,""question"":""What feels strongest right now: gratitude for Jordan’s support, guilt from the delay, or hope about the company connection?"",""response"":""guilt from the delay""},{""question_order"":2,""question"":""How might Jordan view helping during your breakup and hearing from you now, months later?"",""response"":""Jordan may have different reactions: he may feel happy they were able to support me and not expect anything in return, and my message now may make them feel appreciated. He might also have felt a bit overlooked before, but my message can show sincerity and help strengthen the friendship. In some cases, he may wonder if I are reaching out because I need help, but if my message is genuine and not pushy, this feeling will likely be reduced.""},{""question_order"":3,""question"":""What do you most want Jordan to understand about your gratitude and the timing, and why does that matter to you?"",""response"":""I want Jordan to understand that I am truly grateful for everything they did for me, even though I didn’t say it at the right time. I also want them to know that I feel sorry for not expressing my thanks earlier. ""},{""question_order"":4,""question"":""How could this moment affect your friendship, depending on whether Jordan feels appreciated, needed, or both?"",""response"":""both""}]","Hey Jordan, I’ve been thinking about this for a while, and I feel really sorry that I never properly thanked you for everything you did for me during my breakup. You were there for me every day, and that meant a lot. I should have said this much earlier, and I feel bad that I didn’t.
I want you to know that I truly appreciate your support, and I don’t take it for granted. Our friendship really matters to me, and I hope you felt that too.

I also heard you might have a connection at XXX, and I wanted to ask if you’d feel comfortable introducing me or sharing advice. But please don’t feel any pressure at all. I really just wanted to say thank you and I’m sorry. ( Normally, I will not send this paragraph.)",2026-04-05T19:40:34.037Z
dcc18c39-7a64-43cf-9214-d07543bb0cc9,P015,AIMC-WTBA,S3,72fe0d64-2880-4a48-af94-07dbd5bdb46b,2,3,editor,scenario_c,completed,completed,378,87,335,0.7648401826484018,4,2,0,2,2,0.5,0,0.5,,,"Hey Riley, I have been meaning to check with you, I might be overthinking, but I 've notived you seem a bit different lately, and I just wanted to make sure you 're okay.
 Also, I want to say something, when we 've hung out, I sometimes felt a bit uneasy abouth how your partner spoke to you and when plans got cancelled at the last minute, I worried a little. I could be wrong, but I didn’t want to ignore that feeling.
","Hey Riley, I have been meaning to check with you, I might be overthinking, but I 've notived you seem a bit different lately, and I just wanted to make sure you 're okay.
 Also, I want to say something, When we’ve hung out, I felt uneasy about the way your partner spoke to you, and I worried when plans changed at the last minute. I could be wrong, and I don’t want to make assumptions, but I wanted to check in because I care about you.
","[{""suggestion_id"":69,""ai_call_created_at"":""2026-04-05T19:46:44.564Z"",""original_segment"":""Hey Riley, I have been meaning to check with you, I might be overthinking, but I 've notived you seem a bit different lately, and I just wanted to make sure you 're okay."",""suggested_change"":""Hey Riley, I’ve been meaning to check in with you. I may be overthinking it, but you’ve seemed a little different lately, and I wanted to make sure you’re okay."",""category"":""tone"",""reason_text"":""Softer phrasing feels warmer and more natural."",""action_status"":""reject"",""user_modified_text"":null},{""suggestion_id"":70,""ai_call_created_at"":""2026-04-05T19:46:44.564Z"",""original_segment"":""I could be wrong, but I didn’t want to ignore that feeling."",""suggested_change"":""I could be wrong, and I don’t want to make assumptions, but I wanted to check in because I care about you."",""category"":""empathy"",""reason_text"":""Centers care while respecting their perspective."",""action_status"":""accept"",""user_modified_text"":null},{""suggestion_id"":71,""ai_call_created_at"":""2026-04-05T19:46:44.564Z"",""original_segment"":""when we 've hung out, I sometimes felt a bit uneasy abouth how your partner spoke to you and when plans got cancelled at the last minute, I worried a little."",""suggested_change"":""When we’ve hung out, I felt uneasy about the way your partner spoke to you, and I worried when plans changed at the last minute."",""category"":""specificity"",""reason_text"":""Makes the concern more direct and concrete."",""action_status"":""accept"",""user_modified_text"":null},{""suggestion_id"":72,""ai_call_created_at"":""2026-04-05T19:46:44.564Z"",""original_segment"":""Also, I want to say something,"",""suggested_change"":""There’s something I wanted to mention because it’s been on my mind:"",""category"":""clarity"",""reason_text"":""Introduces the next point more clearly."",""action_status"":""reject"",""user_modified_text"":null}]",,,,,,2026-04-05T19:50:47.705Z
677767c5-f365-4fad-813a-b0282cf6e997,P016,AIMC-QTB4,S1,0bb60c5b-1c9e-4d4a-838d-4f5bf7b56616,0,1,thought_partner,scenario_a,completed,completed,558,93,615,1,0,0,0,0,0,,,,,207,,,,,,"[{""dimension"":""Own feelings"",""question"":""What feels hardest for you here: forgetting the move, letting Alex down during work stress, or the five days of silence?""},{""dimension"":""Recipient's perspective"",""question"":""Given his difficult time at work and your missed help, what might Alex be feeling that your brief text didn’t reach?""},{""dimension"":""Communication intent"",""question"":""What do you most want Alex to understand about the conflict and your apology, and why does that matter to you?""},{""dimension"":""Relational context"",""question"":""What feels at stake in your friendship with Alex now, and how could this moment shape the trust between you?""}]","[{""question_order"":1,""question"":""What feels hardest for you here: forgetting the move, letting Alex down during work stress, or the five days of silence?"",""response"":""forgetting the move""},{""question_order"":2,""question"":""Given his difficult time at work and your missed help, what might Alex be feeling that your brief text didn’t reach?"",""response"":""he must be disappointed in me.""},{""question_order"":3,""question"":""What do you most want Alex to understand about the conflict and your apology, and why does that matter to you?"",""response"":""I want Alex to know I'm sincerly sorry and I really wanted to help if it were not the conflict. It matters because I don't want Alex to think I bailed him on purpose.""},{""question_order"":4,""question"":""What feels at stake in your friendship with Alex now, and how could this moment shape the trust between you?"",""response"":""Alex might have lost trust in me, and I want to recover.""}]","Hey Alex, I wanted to say I'm so sorry about what I did few days ago when you moved. I really wanted to help you and I would have been there if it were not the conflict. I should have checked my schedule better, but sorry I failed to to that this time. You must have been so disappointed in me. I'm so so sorry.. I'd do anything to recover your trust in me, so let me know if there's anything I could do. Let's grab some coffee next time, it's on me!",2026-04-05T22:18:27.228Z
677767c5-f365-4fad-813a-b0282cf6e997,P016,AIMC-QTB4,S1,0bb60c5b-1c9e-4d4a-838d-4f5bf7b56616,1,2,editor,scenario_b,completed,completed,665,129,1114,1,4,1,1,2,2,0.25,0.25,0.5,,,"Hey Jordan! I recently figured out that you have a connection with the company I'm trying to apply, so I was wondering if you could give a referral if you have time. It's a bit awkward to ask you for another favor since I still owe you a big thank you for all the times you've been there for me in my hard times. I was waiting for the right moment, but I guess it's been too late. I regret postponing my expression of gratitude, but I just want you to know that I've been always so grateful to have you as a friend. I totally understand if you're disappointed in me, so feel free to think about and let me know what you think of the referral.","Hey Jordan! I recently figured out that you have a connection at the company I'm applying to, so I was wondering if you could give a referral if you have time. It's a bit awkward to ask you for another favor since I still owe you a big thank you for all the times you've been there for me in my hard times. I should have said this sooner, but I guess I'm already too late to say this. I regret postponing my expression of gratitude, but I just want you to know that I've been always so grateful to have you as a friend. I totally understand if you're disappointed in me, so feel free to think about and let me know what you think of the referral.","[{""suggestion_id"":73,""ai_call_created_at"":""2026-04-05T22:28:02.974Z"",""original_segment"":""It's a bit awkward to ask you for another favor since I still owe you a big thank you for all the times you've been there for me in my hard times."",""suggested_change"":""I know I'm asking for a favor, and I really appreciate how supportive you've been to me over the years."",""category"":""tone"",""reason_text"":""Sounds warmer and less self-conscious."",""action_status"":""reject"",""user_modified_text"":null},{""suggestion_id"":74,""ai_call_created_at"":""2026-04-05T22:28:02.974Z"",""original_segment"":""I totally understand if you're disappointed in me, so feel free to think about and let me know what you think of the referral."",""suggested_change"":""I understand if this puts you in an awkward position, so no pressure at all if you're not able to refer me."",""category"":""empathy"",""reason_text"":""Centers their perspective instead of assuming feelings."",""action_status"":""reject"",""user_modified_text"":null},{""suggestion_id"":75,""ai_call_created_at"":""2026-04-05T22:28:02.974Z"",""original_segment"":""you have a connection with the company I'm trying to apply"",""suggested_change"":""you have a connection at the company I'm applying to"",""category"":""specificity"",""reason_text"":""More natural and precise wording."",""action_status"":""accept"",""user_modified_text"":null},{""suggestion_id"":76,""ai_call_created_at"":""2026-04-05T22:28:02.974Z"",""original_segment"":""I was waiting for the right moment, but I guess it's been too late."",""suggested_change"":""I should have said this sooner, but I want to thank you for always being there for me."",""category"":""clarity"",""reason_text"":""Makes the intention more direct and understandable."",""action_status"":""modify"",""user_modified_text"":""I should have said this sooner, but I guess I'm already too late to say this.""}]",,,,,,2026-04-05T22:30:32.911Z
677767c5-f365-4fad-813a-b0282cf6e997,P016,AIMC-QTB4,S1,0bb60c5b-1c9e-4d4a-838d-4f5bf7b56616,2,3,ghost_writer,scenario_c,completed,completed,281,84,0,0,0,0,0,0,0,,,,0,,,,,"I wanted to say this because I care about you: I really feel like your partner hasn’t been treating you in a healthy way, and from where I’m standing, it doesn’t seem like they’re respecting you. I’ve also felt like you haven’t really been yourself since this relationship started. I’m not saying this to judge your relationship or tell you what to do. I’m saying it because I’m genuinely worried about you as your friend, and I didn’t want to keep it to myself.","I wanted to say this because I care about you: I really feel like your partner hasn’t been treating you in a healthy way, and from where I’m standing, it doesn’t seem like they’re respecting you. I’ve also felt like you haven’t really been yourself since this relationship started. I’m not saying this to judge your relationship or tell you what to do. I’m saying it because I’m genuinely worried about you as your friend, and I didn’t want to keep it to myself.",,,,2026-04-05T22:36:28.591Z
4cc55b8f-adee-4cfb-93b3-ea1a80b52f9a,P017,AIMC-KZ9J,S2,c5756d04-dcf5-4127-b01b-478a4761b197,0,1,editor,scenario_a,completed,completed,193,31,171,1,4,1,0,3,1,0.25,0,0.25,,,"Hey Alex, it has been awhile. How's your new place treating you? Any chance you want to grab a drink this weekened?","Hey Alex, it has been awhile. How's your new place treating you?  If you're free/interested, do you want to grab a drink at that bar near your new place this weekend?","[{""suggestion_id"":77,""ai_call_created_at"":""2026-04-06T03:38:19.850Z"",""original_segment"":""Hey Alex, it has been awhile."",""suggested_change"":""Hey Alex, it’s been a while — hope you’ve been doing well."",""category"":""tone"",""reason_text"":""Feels warmer and more natural for a close friend."",""action_status"":""reject"",""user_modified_text"":null},{""suggestion_id"":78,""ai_call_created_at"":""2026-04-06T03:38:19.850Z"",""original_segment"":""How's your new place treating you?"",""suggested_change"":""How’s your new place treating you? I hope the move has been going smoothly."",""category"":""empathy"",""reason_text"":""Shows care for their recent experience and adjustment."",""action_status"":""reject"",""user_modified_text"":null},{""suggestion_id"":79,""ai_call_created_at"":""2026-04-06T03:38:19.850Z"",""original_segment"":""grab a drink"",""suggested_change"":""grab a drink at that bar near your new place"",""category"":""specificity"",""reason_text"":""Makes the invitation feel more concrete and personal."",""action_status"":""accept"",""user_modified_text"":null},{""suggestion_id"":80,""ai_call_created_at"":""2026-04-06T03:38:19.850Z"",""original_segment"":""Any chance you want to grab a drink this weekened?"",""suggested_change"":""If you’re free, would you want to grab a drink this weekend?"",""category"":""clarity"",""reason_text"":""Improves flow and corrects the typo."",""action_status"":""reject"",""user_modified_text"":null}]",,,,,,2026-04-06T03:40:50.163Z
4cc55b8f-adee-4cfb-93b3-ea1a80b52f9a,P017,AIMC-KZ9J,S2,c5756d04-dcf5-4127-b01b-478a4761b197,1,2,ghost_writer,scenario_b,completed,completed,236,36,19,0.10106382978723404,0,0,0,0,0,,,,19,,,,,"Hey Jordan, it’s been a while and I just wanted to check in on you. Any chance you’d be interested in grabbing coffee soon? Let me know which neighbourhood works best for you.","Hey Jordan, it’s been a while and I just wanted to check in on you. Any chance you’d be interested in grabbing coffee soon and catch up? Let me know which neighbourhood works best for you.",,,,2026-04-06T03:45:14.714Z
4cc55b8f-adee-4cfb-93b3-ea1a80b52f9a,P017,AIMC-KZ9J,S2,c5756d04-dcf5-4127-b01b-478a4761b197,2,3,thought_partner,scenario_c,completed,completed,423,37,260,1,0,0,0,0,0,,,,,168,,,,,,"[{""dimension"":""Own feelings"",""question"":""What about Riley’s relationship makes it feel wrong to you, and what feelings come up when you sit with that?""},{""dimension"":""Recipient's perspective"",""question"":""If you were Riley, how might you feel hearing concern from a close friend about someone you’re dating?""},{""dimension"":""Communication intent"",""question"":""What do you most want Riley to understand about your concern, and why does that matter to you?""},{""dimension"":""Relational context"",""question"":""How could being involved—or staying out of it—shape your closeness and trust with Riley?""}]","[{""question_order"":1,""question"":""What about Riley’s relationship makes it feel wrong to you, and what feelings come up when you sit with that?"",""response"":""I want the best for Riley and maybe this is the best partner for them. I'm feeling challegned as good friend.""},{""question_order"":2,""question"":""If you were Riley, how might you feel hearing concern from a close friend about someone you’re dating?"",""response"":""i would prefer to hear about it and learn about their perspective""},{""question_order"":3,""question"":""What do you most want Riley to understand about your concern, and why does that matter to you?"",""response"":""that it's coming from a good place and i want the best for him. this is important for me as i want the best for my friend. I care about him""},{""question_order"":4,""question"":""How could being involved—or staying out of it—shape your closeness and trust with Riley?"",""response"":""either way it is going to be challenging. being invovled gets me in a sticky position. it could be hard for Riley to see my perspective. ""}]","Hey Riley, how are things go? Any chance you want to try going skiing this weekened? we missed you last time. I'd love if it's just us so we can go fast and not wait for anyone!",2026-04-06T03:53:01.219Z
a413e711-047e-45d0-9061-200e0878f6da,P018,AIMC-MFJP,S3,2c94757b-1aa5-449e-b1c8-ef4c8e531519,0,1,ghost_writer,scenario_a,completed,completed,457,100,0,0,0,0,0,0,0,,,,0,,,,,"I’ve been thinking about Saturday, and I want to apologize again because my earlier text really wasn’t enough. You asked me weeks ahead of time, I said yes, and then I completely forgot and bailed the morning of. That was careless and unfair, especially with everything you already had going on. I also realize how badly I handled it by only sending a quick text instead of taking it seriously. I’m really sorry. You deserved better from me. I’m putting things in my calendar properly from now on and double-checking plans so I don’t let something like this happen again.","I’ve been thinking about Saturday, and I want to apologize again because my earlier text really wasn’t enough. You asked me weeks ahead of time, I said yes, and then I completely forgot and bailed the morning of. That was careless and unfair, especially with everything you already had going on. I also realize how badly I handled it by only sending a quick text instead of taking it seriously. I’m really sorry. You deserved better from me. I’m putting things in my calendar properly from now on and double-checking plans so I don’t let something like this happen again.",,,,2026-04-06T04:11:27.355Z
a413e711-047e-45d0-9061-200e0878f6da,P018,AIMC-MFJP,S3,2c94757b-1aa5-449e-b1c8-ef4c8e531519,1,2,thought_partner,scenario_b,completed,completed,672,132,114,0.1574585635359116,0,0,0,0,0,,,,,246,,,,,,"[{""dimension"":""Own feelings"",""question"":""What feels most uncomfortable here: the months of silence, needing Jordan again, or fearing your gratitude might seem tied to the job?""},{""dimension"":""Recipient's perspective"",""question"":""After checking on you daily after the breakup and rearranging their schedule, how might Jordan make sense of hearing from you now?""},{""dimension"":""Communication intent"",""question"":""Beyond the introduction, what do you most want Jordan to truly understand about what their support meant during that breakup?""},{""dimension"":""Relational context"",""question"":""How could this moment shape your friendship with Jordan, depending on whether you lead with appreciation, the favor, or both together?""}]","[{""question_order"":1,""question"":""What feels most uncomfortable here: the months of silence, needing Jordan again, or fearing your gratitude might seem tied to the job?"",""response"":""fearing your gratitude might seem tied to the job?\n\n""},{""question_order"":2,""question"":""After checking on you daily after the breakup and rearranging their schedule, how might Jordan make sense of hearing from you now?"",""response"":""My graditude seeming tied to the ask\n\n""},{""question_order"":3,""question"":""Beyond the introduction, what do you most want Jordan to truly understand about what their support meant during that breakup?"",""response"":""How it affected me and how much the efforts means to me""},{""question_order"":4,""question"":""How could this moment shape your friendship with Jordan, depending on whether you lead with appreciation, the favor, or both together?"",""response"":""It could establish a one-sided pattern in Jordan's mind wherein I am only interested in him if I need something. Relation becomes awkward, relationship dies""}]","Hey Jordan, I’ve been thinking lately about the time after my breakup a few months ago and realized I never properly thanked you. You checked in on me almost every day, brought food, and even rearranged your schedule just to spend time with me. That support meant more than I probably showed at the time, and it really helped me get through a rough stretch. I’m really grateful for it.

(I would not send this bit below, just the gratitude above)
On a separate note, I recently heard you might know someone at [Company]. I’m exploring opportunities there and was wondering if you’d be open to introducing me or putting in a good word. Totally no pressure at all — I mostly just wanted to reach out and finally say thank you.",2026-04-06T04:23:51.639Z
a413e711-047e-45d0-9061-200e0878f6da,P018,AIMC-MFJP,S3,2c94757b-1aa5-449e-b1c8-ef4c8e531519,2,3,editor,scenario_c,completed,completed,520,54,446,1,4,4,0,0,4,1,0,1,,,"Hey Riley, hope you are doing fantastic! I saw you were doing <COMMON_INTEREST>. I noticed though that <EVIDENCE_1> and <EVIDENCE_2> recently since you've started seeing ABC. I want you to know that I'm here if you need it. Free for coffe tomorrow at <COMMON_PLACE>","Hey Riley, hope you’re doing okay I saw you were doing <COMMON_INTEREST> lately, which made me think of you. I noticed though that <EVIDENCE_1> and <EVIDENCE_2> recently since you've started seeing ABC. I want you to know I’m here for you if you want to talk. Are you free for coffee tomorrow at <COMMON_PLACE>?","[{""suggestion_id"":81,""ai_call_created_at"":""2026-04-06T04:31:44.699Z"",""original_segment"":""hope you are doing fantastic!"",""suggested_change"":""hope you’re doing okay"",""category"":""tone"",""reason_text"":""Softer tone fits a potentially sensitive message."",""action_status"":""accept"",""user_modified_text"":null},{""suggestion_id"":82,""ai_call_created_at"":""2026-04-06T04:31:44.699Z"",""original_segment"":""I want you to know that I'm here if you need it."",""suggested_change"":""I want you to know I’m here for you if you want to talk."",""category"":""empathy"",""reason_text"":""Invites their perspective more directly."",""action_status"":""accept"",""user_modified_text"":null},{""suggestion_id"":83,""ai_call_created_at"":""2026-04-06T04:31:44.699Z"",""original_segment"":""I saw you were doing <COMMON_INTEREST>."",""suggested_change"":""I saw you were doing <COMMON_INTEREST> lately, which made me think of you."",""category"":""specificity"",""reason_text"":""Adds a more personal, concrete connection."",""action_status"":""accept"",""user_modified_text"":null},{""suggestion_id"":84,""ai_call_created_at"":""2026-04-06T04:31:44.699Z"",""original_segment"":""Free for coffe tomorrow at <COMMON_PLACE>"",""suggested_change"":""Are you free for coffee tomorrow at <COMMON_PLACE>?"",""category"":""clarity"",""reason_text"":""Makes the invitation grammatically clear."",""action_status"":""accept"",""user_modified_text"":null}]",,,,,,2026-04-06T04:33:11.897Z
